-- phpMyAdmin SQL Dump
-- version 4.8.5
-- https://www.phpmyadmin.net/
--
-- Host: 127.0.0.1:3306
-- Generation Time: Dec 04, 2019 at 06:56 AM
-- Server version: 5.7.26
-- PHP Version: 7.2.18

SET SQL_MODE = "NO_AUTO_VALUE_ON_ZERO";
SET AUTOCOMMIT = 0;
START TRANSACTION;
SET time_zone = "+00:00";


/*!40101 SET @OLD_CHARACTER_SET_CLIENT=@@CHARACTER_SET_CLIENT */;
/*!40101 SET @OLD_CHARACTER_SET_RESULTS=@@CHARACTER_SET_RESULTS */;
/*!40101 SET @OLD_COLLATION_CONNECTION=@@COLLATION_CONNECTION */;
/*!40101 SET NAMES utf8mb4 */;

--
-- Database: `alivemanga`
--

-- --------------------------------------------------------

--
-- Table structure for table `chapters`
--

DROP TABLE IF EXISTS `chapters`;
CREATE TABLE IF NOT EXISTS `chapters` (
  `chapter_id` varchar(100) NOT NULL,
  `chapter_name` int(100) NOT NULL,
  `mangaid` int(11) NOT NULL,
  `updated_time` date DEFAULT NULL,
  PRIMARY KEY (`chapter_id`),
  KEY `so luong chap` (`mangaid`)
) ENGINE=InnoDB DEFAULT CHARSET=utf8;

--
-- Dumping data for table `chapters`
--

INSERT INTO `chapters` (`chapter_id`, `chapter_name`, `mangaid`, `updated_time`) VALUES
('black-clover-chap-1', 1, 5, '2019-11-29'),
('black-clover-chap-10', 10, 5, '2019-11-29'),
('black-clover-chap-100', 100, 5, '2019-12-01'),
('black-clover-chap-101', 101, 5, '2019-12-01'),
('black-clover-chap-102', 102, 5, '2019-12-01'),
('black-clover-chap-103', 103, 5, '2019-12-01'),
('black-clover-chap-104', 104, 5, '2019-12-01'),
('black-clover-chap-105', 105, 5, '2019-12-01'),
('black-clover-chap-106', 106, 5, '2019-12-01'),
('black-clover-chap-107', 107, 5, '2019-12-01'),
('black-clover-chap-108', 108, 5, '2019-12-01'),
('black-clover-chap-109', 109, 5, '2019-12-01'),
('black-clover-chap-11', 11, 5, '2019-12-01'),
('black-clover-chap-110', 110, 5, '2019-12-01'),
('black-clover-chap-111', 111, 5, '2019-12-01'),
('black-clover-chap-112', 112, 5, '2019-12-01'),
('black-clover-chap-113', 113, 5, '2019-12-01'),
('black-clover-chap-114', 114, 5, '2019-12-01'),
('black-clover-chap-115', 115, 5, '2019-12-01'),
('black-clover-chap-116', 116, 5, '2019-12-01'),
('black-clover-chap-117', 117, 5, '2019-12-01'),
('black-clover-chap-118', 118, 5, '2019-12-01'),
('black-clover-chap-119', 119, 5, '2019-12-01'),
('black-clover-chap-12', 12, 5, '2019-12-01'),
('black-clover-chap-120', 120, 5, '2019-12-01'),
('black-clover-chap-121', 121, 5, '2019-12-01'),
('black-clover-chap-122', 122, 5, '2019-12-01'),
('black-clover-chap-123', 123, 5, '2019-12-01'),
('black-clover-chap-124', 124, 5, '2019-12-01'),
('black-clover-chap-125', 125, 5, '2019-12-01'),
('black-clover-chap-126', 126, 5, '2019-12-01'),
('black-clover-chap-127', 127, 5, '2019-12-01'),
('black-clover-chap-128', 128, 5, '2019-12-01'),
('black-clover-chap-129', 129, 5, '2019-12-01'),
('black-clover-chap-13', 13, 5, '2019-12-01'),
('black-clover-chap-130', 130, 5, '2019-12-01'),
('black-clover-chap-131', 131, 5, '2019-12-01'),
('black-clover-chap-132', 132, 5, '2019-12-01'),
('black-clover-chap-133', 133, 5, '2019-12-01'),
('black-clover-chap-134', 134, 5, '2019-12-01'),
('black-clover-chap-135', 135, 5, '2019-12-01'),
('black-clover-chap-136', 136, 5, '2019-12-01'),
('black-clover-chap-137', 137, 5, '2019-12-01'),
('black-clover-chap-138', 138, 5, '2019-12-01'),
('black-clover-chap-139', 139, 5, '2019-12-01'),
('black-clover-chap-14', 14, 5, '2019-12-01'),
('black-clover-chap-140', 140, 5, '2019-12-01'),
('black-clover-chap-141', 141, 5, '2019-12-01'),
('black-clover-chap-142', 142, 5, '2019-12-01'),
('black-clover-chap-143', 143, 5, '2019-12-01'),
('black-clover-chap-144', 144, 5, '2019-12-01'),
('black-clover-chap-145', 145, 5, '2019-12-01'),
('black-clover-chap-146', 146, 5, '2019-12-01'),
('black-clover-chap-147', 147, 5, '2019-12-01'),
('black-clover-chap-148', 148, 5, '2019-12-01'),
('black-clover-chap-149', 149, 5, '2019-12-01'),
('black-clover-chap-15', 15, 5, '2019-12-01'),
('black-clover-chap-150', 150, 5, '2019-12-01'),
('black-clover-chap-151', 151, 5, '2019-12-01'),
('black-clover-chap-152', 152, 5, '2019-12-01'),
('black-clover-chap-153', 153, 5, '2019-12-01'),
('black-clover-chap-154', 154, 5, '2019-12-01'),
('black-clover-chap-155', 155, 5, '2019-12-01'),
('black-clover-chap-156', 156, 5, '2019-12-01'),
('black-clover-chap-157', 157, 5, '2019-12-01'),
('black-clover-chap-158', 158, 5, '2019-12-01'),
('black-clover-chap-159', 159, 5, '2019-12-01'),
('black-clover-chap-16', 16, 5, '2019-12-01'),
('black-clover-chap-160', 160, 5, '2019-12-01'),
('black-clover-chap-161', 161, 5, '2019-12-01'),
('black-clover-chap-162', 162, 5, '2019-12-01'),
('black-clover-chap-163', 163, 5, '2019-12-01'),
('black-clover-chap-164', 164, 5, '2019-12-01'),
('black-clover-chap-165', 165, 5, '2019-12-01'),
('black-clover-chap-166', 166, 5, '2019-12-01'),
('black-clover-chap-167', 167, 5, '2019-12-01'),
('black-clover-chap-168', 168, 5, '2019-12-01'),
('black-clover-chap-169', 169, 5, '2019-12-01'),
('black-clover-chap-17', 17, 5, '2019-12-01'),
('black-clover-chap-170', 170, 5, '2019-12-01'),
('black-clover-chap-171', 171, 5, '2019-12-01'),
('black-clover-chap-172', 172, 5, '2019-12-01'),
('black-clover-chap-173', 173, 5, '2019-12-01'),
('black-clover-chap-174', 174, 5, '2019-12-01'),
('black-clover-chap-175', 175, 5, '2019-12-01'),
('black-clover-chap-176', 176, 5, '2019-12-01'),
('black-clover-chap-177', 177, 5, '2019-12-01'),
('black-clover-chap-178', 178, 5, '2019-12-01'),
('black-clover-chap-179', 179, 5, '2019-12-01'),
('black-clover-chap-18', 18, 5, '2019-12-01'),
('black-clover-chap-180', 180, 5, '2019-12-01'),
('black-clover-chap-181', 181, 5, '2019-12-01'),
('black-clover-chap-182', 182, 5, '2019-12-01'),
('black-clover-chap-183', 183, 5, '2019-12-01'),
('black-clover-chap-184', 184, 5, '2019-12-01'),
('black-clover-chap-185', 185, 5, '2019-12-01'),
('black-clover-chap-186', 186, 5, '2019-12-01'),
('black-clover-chap-187', 187, 5, '2019-12-01'),
('black-clover-chap-188', 188, 5, '2019-12-01'),
('black-clover-chap-189', 189, 5, '2019-12-01'),
('black-clover-chap-19', 19, 5, '2019-12-01'),
('black-clover-chap-190', 190, 5, '2019-12-01'),
('black-clover-chap-191', 191, 5, '2019-12-01'),
('black-clover-chap-192', 192, 5, '2019-12-01'),
('black-clover-chap-193', 193, 5, '2019-12-01'),
('black-clover-chap-194', 194, 5, '2019-12-01'),
('black-clover-chap-195', 195, 5, '2019-12-01'),
('black-clover-chap-196', 196, 5, '2019-12-01'),
('black-clover-chap-197', 197, 5, '2019-12-01'),
('black-clover-chap-198', 198, 5, '2019-12-01'),
('black-clover-chap-199', 199, 5, '2019-12-01'),
('black-clover-chap-2', 2, 5, '2019-11-29'),
('black-clover-chap-20', 20, 5, '2019-12-01'),
('black-clover-chap-200', 200, 5, '2019-12-01'),
('black-clover-chap-201', 201, 5, '2019-12-01'),
('black-clover-chap-202', 202, 5, '2019-12-01'),
('black-clover-chap-203', 203, 5, '2019-12-01'),
('black-clover-chap-204', 204, 5, '2019-12-01'),
('black-clover-chap-205', 205, 5, '2019-12-01'),
('black-clover-chap-206', 206, 5, '2019-12-01'),
('black-clover-chap-207', 207, 5, '2019-12-01'),
('black-clover-chap-208', 208, 5, '2019-12-01'),
('black-clover-chap-209', 209, 5, '2019-12-01'),
('black-clover-chap-21', 21, 5, '2019-12-01'),
('black-clover-chap-210', 210, 5, '2019-12-01'),
('black-clover-chap-211', 211, 5, '2019-12-01'),
('black-clover-chap-212', 212, 5, '2019-12-01'),
('black-clover-chap-213', 213, 5, '2019-12-01'),
('black-clover-chap-214', 214, 5, '2019-12-01'),
('black-clover-chap-215', 215, 5, '2019-12-01'),
('black-clover-chap-216', 216, 5, '2019-12-01'),
('black-clover-chap-217', 217, 5, '2019-12-01'),
('black-clover-chap-218', 218, 5, '2019-12-01'),
('black-clover-chap-219', 219, 5, '2019-12-01'),
('black-clover-chap-22', 22, 5, '2019-12-01'),
('black-clover-chap-220', 220, 5, '2019-12-01'),
('black-clover-chap-221', 221, 5, '2019-12-01'),
('black-clover-chap-222', 222, 5, '2019-12-01'),
('black-clover-chap-223', 223, 5, '2019-12-01'),
('black-clover-chap-224', 224, 5, '2019-12-01'),
('black-clover-chap-225', 225, 5, '2019-12-01'),
('black-clover-chap-226', 226, 5, '2019-12-01'),
('black-clover-chap-227', 227, 5, '2019-12-01'),
('black-clover-chap-228', 228, 5, '2019-12-01'),
('black-clover-chap-229', 229, 5, '2019-12-01'),
('black-clover-chap-23', 23, 5, '2019-12-01'),
('black-clover-chap-230', 230, 5, '2019-12-01'),
('black-clover-chap-231', 231, 5, '2019-12-01'),
('black-clover-chap-24', 24, 5, '2019-12-01'),
('black-clover-chap-25', 25, 5, '2019-12-01'),
('black-clover-chap-26', 26, 5, '2019-12-01'),
('black-clover-chap-27', 27, 5, '2019-12-01'),
('black-clover-chap-28', 28, 5, '2019-12-01'),
('black-clover-chap-29', 29, 5, '2019-12-01'),
('black-clover-chap-3', 3, 5, '2019-11-29'),
('black-clover-chap-30', 30, 5, '2019-12-01'),
('black-clover-chap-31', 31, 5, '2019-12-01'),
('black-clover-chap-32', 32, 5, '2019-12-01'),
('black-clover-chap-33', 33, 5, '2019-12-01'),
('black-clover-chap-34', 34, 5, '2019-12-01'),
('black-clover-chap-35', 35, 5, '2019-12-01'),
('black-clover-chap-36', 36, 5, '2019-12-01'),
('black-clover-chap-37', 37, 5, '2019-12-01'),
('black-clover-chap-38', 38, 5, '2019-12-01'),
('black-clover-chap-39', 39, 5, '2019-12-01'),
('black-clover-chap-4', 4, 5, '2019-11-29'),
('black-clover-chap-40', 40, 5, '2019-12-01'),
('black-clover-chap-41', 41, 5, '2019-12-01'),
('black-clover-chap-42', 42, 5, '2019-12-01'),
('black-clover-chap-43', 43, 5, '2019-12-01'),
('black-clover-chap-44', 44, 5, '2019-12-01'),
('black-clover-chap-45', 45, 5, '2019-12-01'),
('black-clover-chap-46', 46, 5, '2019-12-01'),
('black-clover-chap-47', 47, 5, '2019-12-01'),
('black-clover-chap-48', 48, 5, '2019-12-01'),
('black-clover-chap-49', 49, 5, '2019-12-01'),
('black-clover-chap-5', 5, 5, '2019-11-29'),
('black-clover-chap-50', 50, 5, '2019-12-01'),
('black-clover-chap-51', 51, 5, '2019-12-01'),
('black-clover-chap-52', 52, 5, '2019-12-01'),
('black-clover-chap-53', 53, 5, '2019-12-01'),
('black-clover-chap-54', 54, 5, '2019-12-01'),
('black-clover-chap-55', 55, 5, '2019-12-01'),
('black-clover-chap-56', 56, 5, '2019-12-01'),
('black-clover-chap-57', 57, 5, '2019-12-01'),
('black-clover-chap-58', 58, 5, '2019-12-01'),
('black-clover-chap-59', 59, 5, '2019-12-01'),
('black-clover-chap-6', 6, 5, '2019-11-29'),
('black-clover-chap-60', 60, 5, '2019-12-01'),
('black-clover-chap-61', 61, 5, '2019-12-01'),
('black-clover-chap-62', 62, 5, '2019-12-01'),
('black-clover-chap-63', 63, 5, '2019-12-01'),
('black-clover-chap-64', 64, 5, '2019-12-01'),
('black-clover-chap-65', 65, 5, '2019-12-01'),
('black-clover-chap-66', 66, 5, '2019-12-01'),
('black-clover-chap-67', 67, 5, '2019-12-01'),
('black-clover-chap-68', 68, 5, '2019-12-01'),
('black-clover-chap-69', 69, 5, '2019-12-01'),
('black-clover-chap-7', 7, 5, '2019-11-29'),
('black-clover-chap-70', 70, 5, '2019-12-01'),
('black-clover-chap-71', 71, 5, '2019-12-01'),
('black-clover-chap-72', 72, 5, '2019-12-01'),
('black-clover-chap-73', 73, 5, '2019-12-01'),
('black-clover-chap-74', 74, 5, '2019-12-01'),
('black-clover-chap-75', 75, 5, '2019-12-01'),
('black-clover-chap-76', 76, 5, '2019-12-01'),
('black-clover-chap-77', 77, 5, '2019-12-01'),
('black-clover-chap-78', 78, 5, '2019-12-01'),
('black-clover-chap-79', 79, 5, '2019-12-01'),
('black-clover-chap-8', 8, 5, '2019-11-29'),
('black-clover-chap-80', 80, 5, '2019-12-01'),
('black-clover-chap-81', 81, 5, '2019-12-01'),
('black-clover-chap-82', 82, 5, '2019-12-01'),
('black-clover-chap-83', 83, 5, '2019-12-01'),
('black-clover-chap-84', 84, 5, '2019-12-01'),
('black-clover-chap-85', 85, 5, '2019-12-01'),
('black-clover-chap-86', 86, 5, '2019-12-01'),
('black-clover-chap-87', 87, 5, '2019-12-01'),
('black-clover-chap-88', 88, 5, '2019-12-01'),
('black-clover-chap-89', 89, 5, '2019-12-01'),
('black-clover-chap-9', 9, 5, '2019-11-29'),
('black-clover-chap-90', 90, 5, '2019-12-01'),
('black-clover-chap-91', 91, 5, '2019-12-01'),
('black-clover-chap-92', 92, 5, '2019-12-01'),
('black-clover-chap-93', 93, 5, '2019-12-01'),
('black-clover-chap-94', 94, 5, '2019-12-01'),
('black-clover-chap-95', 95, 5, '2019-12-01'),
('black-clover-chap-96', 96, 5, '2019-12-01'),
('black-clover-chap-97', 97, 5, '2019-12-01'),
('black-clover-chap-98', 98, 5, '2019-12-01'),
('black-clover-chap-99', 99, 5, '2019-12-01'),
('Boku-No-Hero-Academia-chap-1', 1, 7, '2019-12-01'),
('Boku-No-Hero-Academia-chap-10', 10, 7, '2019-12-01'),
('Boku-No-Hero-Academia-chap-100', 100, 7, '2019-12-01'),
('Boku-No-Hero-Academia-chap-101', 101, 7, '2019-12-01'),
('Boku-No-Hero-Academia-chap-102', 102, 7, '2019-12-01'),
('Boku-No-Hero-Academia-chap-103', 103, 7, '2019-12-01'),
('Boku-No-Hero-Academia-chap-104', 104, 7, '2019-12-01'),
('Boku-No-Hero-Academia-chap-105', 105, 7, '2019-12-01'),
('Boku-No-Hero-Academia-chap-106', 106, 7, '2019-12-01'),
('Boku-No-Hero-Academia-chap-107', 107, 7, '2019-12-01'),
('Boku-No-Hero-Academia-chap-108', 108, 7, '2019-12-01'),
('Boku-No-Hero-Academia-chap-109', 109, 7, '2019-12-01'),
('Boku-No-Hero-Academia-chap-11', 11, 7, '2019-12-01'),
('Boku-No-Hero-Academia-chap-110', 110, 7, '2019-12-01'),
('Boku-No-Hero-Academia-chap-111', 111, 7, '2019-12-01'),
('Boku-No-Hero-Academia-chap-112', 112, 7, '2019-12-01'),
('Boku-No-Hero-Academia-chap-113', 113, 7, '2019-12-01'),
('Boku-No-Hero-Academia-chap-114', 114, 7, '2019-12-01'),
('Boku-No-Hero-Academia-chap-115', 115, 7, '2019-12-01'),
('Boku-No-Hero-Academia-chap-116', 116, 7, '2019-12-01'),
('Boku-No-Hero-Academia-chap-117', 117, 7, '2019-12-01'),
('Boku-No-Hero-Academia-chap-118', 118, 7, '2019-12-01'),
('Boku-No-Hero-Academia-chap-119', 119, 7, '2019-12-01'),
('Boku-No-Hero-Academia-chap-12', 12, 7, '2019-12-01'),
('Boku-No-Hero-Academia-chap-120', 120, 7, '2019-12-01'),
('Boku-No-Hero-Academia-chap-121', 121, 7, '2019-12-01'),
('Boku-No-Hero-Academia-chap-122', 122, 7, '2019-12-01'),
('Boku-No-Hero-Academia-chap-123', 123, 7, '2019-12-01'),
('Boku-No-Hero-Academia-chap-124', 124, 7, '2019-12-01'),
('Boku-No-Hero-Academia-chap-125', 125, 7, '2019-12-01'),
('Boku-No-Hero-Academia-chap-126', 126, 7, '2019-12-01'),
('Boku-No-Hero-Academia-chap-127', 127, 7, '2019-12-01'),
('Boku-No-Hero-Academia-chap-128', 128, 7, '2019-12-01'),
('Boku-No-Hero-Academia-chap-129', 129, 7, '2019-12-01'),
('Boku-No-Hero-Academia-chap-13', 13, 7, '2019-12-01'),
('Boku-No-Hero-Academia-chap-130', 130, 7, '2019-12-01'),
('Boku-No-Hero-Academia-chap-131', 131, 7, '2019-12-01'),
('Boku-No-Hero-Academia-chap-132', 132, 7, '2019-12-01'),
('Boku-No-Hero-Academia-chap-133', 133, 7, '2019-12-01'),
('Boku-No-Hero-Academia-chap-134', 134, 7, '2019-12-01'),
('Boku-No-Hero-Academia-chap-135', 135, 7, '2019-12-01'),
('Boku-No-Hero-Academia-chap-136', 136, 7, '2019-12-01'),
('Boku-No-Hero-Academia-chap-137', 137, 7, '2019-12-01'),
('Boku-No-Hero-Academia-chap-138', 138, 7, '2019-12-01'),
('Boku-No-Hero-Academia-chap-139', 139, 7, '2019-12-01'),
('Boku-No-Hero-Academia-chap-14', 14, 7, '2019-12-01'),
('Boku-No-Hero-Academia-chap-140', 140, 7, '2019-12-01'),
('Boku-No-Hero-Academia-chap-141', 141, 7, '2019-12-01'),
('Boku-No-Hero-Academia-chap-142', 142, 7, '2019-12-01'),
('Boku-No-Hero-Academia-chap-143', 143, 7, '2019-12-01'),
('Boku-No-Hero-Academia-chap-144', 144, 7, '2019-12-01'),
('Boku-No-Hero-Academia-chap-145', 145, 7, '2019-12-01'),
('Boku-No-Hero-Academia-chap-146', 146, 7, '2019-12-01'),
('Boku-No-Hero-Academia-chap-147', 147, 7, '2019-12-01'),
('Boku-No-Hero-Academia-chap-148', 148, 7, '2019-12-01'),
('Boku-No-Hero-Academia-chap-149', 149, 7, '2019-12-01'),
('Boku-No-Hero-Academia-chap-15', 15, 7, '2019-12-01'),
('Boku-No-Hero-Academia-chap-150', 150, 7, '2019-12-01'),
('Boku-No-Hero-Academia-chap-151', 151, 7, '2019-12-01'),
('Boku-No-Hero-Academia-chap-152', 152, 7, '2019-12-01'),
('Boku-No-Hero-Academia-chap-153', 153, 7, '2019-12-01'),
('Boku-No-Hero-Academia-chap-154', 154, 7, '2019-12-01'),
('Boku-No-Hero-Academia-chap-155', 155, 7, '2019-12-01'),
('Boku-No-Hero-Academia-chap-156', 156, 7, '2019-12-01'),
('Boku-No-Hero-Academia-chap-157', 157, 7, '2019-12-01'),
('Boku-No-Hero-Academia-chap-158', 158, 7, '2019-12-01'),
('Boku-No-Hero-Academia-chap-159', 159, 7, '2019-12-01'),
('Boku-No-Hero-Academia-chap-16', 16, 7, '2019-12-01'),
('Boku-No-Hero-Academia-chap-160', 160, 7, '2019-12-01'),
('Boku-No-Hero-Academia-chap-161', 161, 7, '2019-12-01'),
('Boku-No-Hero-Academia-chap-162', 162, 7, '2019-12-01'),
('Boku-No-Hero-Academia-chap-163', 163, 7, '2019-12-01'),
('Boku-No-Hero-Academia-chap-164', 164, 7, '2019-12-01'),
('Boku-No-Hero-Academia-chap-165', 165, 7, '2019-12-01'),
('Boku-No-Hero-Academia-chap-166', 166, 7, '2019-12-01'),
('Boku-No-Hero-Academia-chap-167', 167, 7, '2019-12-01'),
('Boku-No-Hero-Academia-chap-168', 168, 7, '2019-12-01'),
('Boku-No-Hero-Academia-chap-169', 169, 7, '2019-12-01'),
('Boku-No-Hero-Academia-chap-17', 17, 7, '2019-12-01'),
('Boku-No-Hero-Academia-chap-170', 170, 7, '2019-12-01'),
('Boku-No-Hero-Academia-chap-171', 171, 7, '2019-12-01'),
('Boku-No-Hero-Academia-chap-172', 172, 7, '2019-12-01'),
('Boku-No-Hero-Academia-chap-173', 173, 7, '2019-12-01'),
('Boku-No-Hero-Academia-chap-174', 174, 7, '2019-12-01'),
('Boku-No-Hero-Academia-chap-175', 175, 7, '2019-12-01'),
('Boku-No-Hero-Academia-chap-176', 176, 7, '2019-12-01'),
('Boku-No-Hero-Academia-chap-177', 177, 7, '2019-12-01'),
('Boku-No-Hero-Academia-chap-178', 178, 7, '2019-12-01'),
('Boku-No-Hero-Academia-chap-179', 179, 7, '2019-12-01'),
('Boku-No-Hero-Academia-chap-18', 18, 7, '2019-12-01'),
('Boku-No-Hero-Academia-chap-180', 180, 7, '2019-12-01'),
('Boku-No-Hero-Academia-chap-181', 181, 7, '2019-12-01'),
('Boku-No-Hero-Academia-chap-182', 182, 7, '2019-12-01'),
('Boku-No-Hero-Academia-chap-183', 183, 7, '2019-12-01'),
('Boku-No-Hero-Academia-chap-184', 184, 7, '2019-12-01'),
('Boku-No-Hero-Academia-chap-185', 185, 7, '2019-12-01'),
('Boku-No-Hero-Academia-chap-186', 186, 7, '2019-12-01'),
('Boku-No-Hero-Academia-chap-187', 187, 7, '2019-12-01'),
('Boku-No-Hero-Academia-chap-188', 188, 7, '2019-12-01'),
('Boku-No-Hero-Academia-chap-189', 189, 7, '2019-12-01'),
('Boku-No-Hero-Academia-chap-19', 19, 7, '2019-12-01'),
('Boku-No-Hero-Academia-chap-190', 190, 7, '2019-12-01'),
('Boku-No-Hero-Academia-chap-191', 191, 7, '2019-12-01'),
('Boku-No-Hero-Academia-chap-192', 192, 7, '2019-12-01'),
('Boku-No-Hero-Academia-chap-193', 193, 7, '2019-12-01'),
('Boku-No-Hero-Academia-chap-194', 194, 7, '2019-12-01'),
('Boku-No-Hero-Academia-chap-195', 195, 7, '2019-12-01'),
('Boku-No-Hero-Academia-chap-196', 196, 7, '2019-12-01'),
('Boku-No-Hero-Academia-chap-197', 197, 7, '2019-12-01'),
('Boku-No-Hero-Academia-chap-198', 198, 7, '2019-12-01'),
('Boku-No-Hero-Academia-chap-199', 199, 7, '2019-12-01'),
('Boku-No-Hero-Academia-chap-2', 2, 7, '2019-12-01'),
('Boku-No-Hero-Academia-chap-20', 20, 7, '2019-12-01'),
('Boku-No-Hero-Academia-chap-200', 200, 7, '2019-12-01'),
('Boku-No-Hero-Academia-chap-201', 201, 7, '2019-12-01'),
('Boku-No-Hero-Academia-chap-202', 202, 7, '2019-12-01'),
('Boku-No-Hero-Academia-chap-203', 203, 7, '2019-12-01'),
('Boku-No-Hero-Academia-chap-204', 204, 7, '2019-12-01'),
('Boku-No-Hero-Academia-chap-205', 205, 7, '2019-12-01'),
('Boku-No-Hero-Academia-chap-206', 206, 7, '2019-12-01'),
('Boku-No-Hero-Academia-chap-207', 207, 7, '2019-12-01'),
('Boku-No-Hero-Academia-chap-208', 208, 7, '2019-12-01'),
('Boku-No-Hero-Academia-chap-209', 209, 7, '2019-12-01'),
('Boku-No-Hero-Academia-chap-21', 21, 7, '2019-12-01'),
('Boku-No-Hero-Academia-chap-210', 210, 7, '2019-12-01'),
('Boku-No-Hero-Academia-chap-211', 211, 7, '2019-12-01'),
('Boku-No-Hero-Academia-chap-212', 212, 7, '2019-12-01'),
('Boku-No-Hero-Academia-chap-213', 213, 7, '2019-12-01'),
('Boku-No-Hero-Academia-chap-214', 214, 7, '2019-12-01'),
('Boku-No-Hero-Academia-chap-215', 215, 7, '2019-12-01'),
('Boku-No-Hero-Academia-chap-216', 216, 7, '2019-12-01'),
('Boku-No-Hero-Academia-chap-217', 217, 7, '2019-12-01'),
('Boku-No-Hero-Academia-chap-218', 218, 7, '2019-12-01'),
('Boku-No-Hero-Academia-chap-219', 219, 7, '2019-12-01'),
('Boku-No-Hero-Academia-chap-22', 22, 7, '2019-12-01'),
('Boku-No-Hero-Academia-chap-220', 220, 7, '2019-12-01'),
('Boku-No-Hero-Academia-chap-221', 221, 7, '2019-12-01'),
('Boku-No-Hero-Academia-chap-222', 222, 7, '2019-12-01'),
('Boku-No-Hero-Academia-chap-223', 223, 7, '2019-12-01'),
('Boku-No-Hero-Academia-chap-224', 224, 7, '2019-12-01'),
('Boku-No-Hero-Academia-chap-225', 225, 7, '2019-12-01'),
('Boku-No-Hero-Academia-chap-226', 226, 7, '2019-12-01'),
('Boku-No-Hero-Academia-chap-227', 227, 7, '2019-12-01'),
('Boku-No-Hero-Academia-chap-228', 228, 7, '2019-12-01'),
('Boku-No-Hero-Academia-chap-229', 229, 7, '2019-12-01'),
('Boku-No-Hero-Academia-chap-23', 23, 7, '2019-12-01'),
('Boku-No-Hero-Academia-chap-230', 230, 7, '2019-12-01'),
('Boku-No-Hero-Academia-chap-231', 231, 7, '2019-12-01'),
('Boku-No-Hero-Academia-chap-232', 232, 7, '2019-12-01'),
('Boku-No-Hero-Academia-chap-233', 233, 7, '2019-12-01'),
('Boku-No-Hero-Academia-chap-234', 234, 7, '2019-12-01'),
('Boku-No-Hero-Academia-chap-235', 235, 7, '2019-12-01'),
('Boku-No-Hero-Academia-chap-236', 236, 7, '2019-12-01'),
('Boku-No-Hero-Academia-chap-237', 237, 7, '2019-12-01'),
('Boku-No-Hero-Academia-chap-238', 238, 7, '2019-12-01'),
('Boku-No-Hero-Academia-chap-239', 239, 7, '2019-12-01'),
('Boku-No-Hero-Academia-chap-24', 24, 7, '2019-12-01'),
('Boku-No-Hero-Academia-chap-240', 240, 7, '2019-12-01'),
('Boku-No-Hero-Academia-chap-241', 241, 7, '2019-12-01'),
('Boku-No-Hero-Academia-chap-242', 242, 7, '2019-12-01'),
('Boku-No-Hero-Academia-chap-243', 243, 7, '2019-12-01'),
('Boku-No-Hero-Academia-chap-244', 244, 7, '2019-12-01'),
('Boku-No-Hero-Academia-chap-245', 245, 7, '2019-12-01'),
('Boku-No-Hero-Academia-chap-246', 246, 7, '2019-12-01'),
('Boku-No-Hero-Academia-chap-247', 247, 7, '2019-12-01'),
('Boku-No-Hero-Academia-chap-248', 248, 7, '2019-12-01'),
('Boku-No-Hero-Academia-chap-249', 249, 7, '2019-12-01'),
('Boku-No-Hero-Academia-chap-25', 25, 7, '2019-12-01'),
('Boku-No-Hero-Academia-chap-250', 250, 7, '2019-12-01'),
('Boku-No-Hero-Academia-chap-251', 251, 7, '2019-12-01'),
('Boku-No-Hero-Academia-chap-252', 252, 7, '2019-12-01'),
('Boku-No-Hero-Academia-chap-26', 26, 7, '2019-12-01'),
('Boku-No-Hero-Academia-chap-27', 27, 7, '2019-12-01'),
('Boku-No-Hero-Academia-chap-28', 28, 7, '2019-12-01'),
('Boku-No-Hero-Academia-chap-29', 29, 7, '2019-12-01'),
('Boku-No-Hero-Academia-chap-3', 3, 7, '2019-12-01'),
('Boku-No-Hero-Academia-chap-30', 30, 7, '2019-12-01'),
('Boku-No-Hero-Academia-chap-31', 31, 7, '2019-12-01'),
('Boku-No-Hero-Academia-chap-32', 32, 7, '2019-12-01'),
('Boku-No-Hero-Academia-chap-33', 33, 7, '2019-12-01'),
('Boku-No-Hero-Academia-chap-34', 34, 7, '2019-12-01'),
('Boku-No-Hero-Academia-chap-35', 35, 7, '2019-12-01'),
('Boku-No-Hero-Academia-chap-36', 36, 7, '2019-12-01'),
('Boku-No-Hero-Academia-chap-37', 37, 7, '2019-12-01'),
('Boku-No-Hero-Academia-chap-38', 38, 7, '2019-12-01'),
('Boku-No-Hero-Academia-chap-39', 39, 7, '2019-12-01'),
('Boku-No-Hero-Academia-chap-4', 4, 7, '2019-12-01'),
('Boku-No-Hero-Academia-chap-40', 40, 7, '2019-12-01'),
('Boku-No-Hero-Academia-chap-41', 41, 7, '2019-12-01'),
('Boku-No-Hero-Academia-chap-42', 42, 7, '2019-12-01'),
('Boku-No-Hero-Academia-chap-43', 43, 7, '2019-12-01'),
('Boku-No-Hero-Academia-chap-44', 44, 7, '2019-12-01'),
('Boku-No-Hero-Academia-chap-45', 45, 7, '2019-12-01'),
('Boku-No-Hero-Academia-chap-46', 46, 7, '2019-12-01'),
('Boku-No-Hero-Academia-chap-47', 47, 7, '2019-12-01'),
('Boku-No-Hero-Academia-chap-48', 48, 7, '2019-12-01'),
('Boku-No-Hero-Academia-chap-49', 49, 7, '2019-12-01'),
('Boku-No-Hero-Academia-chap-5', 5, 7, '2019-12-01'),
('Boku-No-Hero-Academia-chap-50', 50, 7, '2019-12-01'),
('Boku-No-Hero-Academia-chap-51', 51, 7, '2019-12-01'),
('Boku-No-Hero-Academia-chap-52', 52, 7, '2019-12-01'),
('Boku-No-Hero-Academia-chap-53', 53, 7, '2019-12-01'),
('Boku-No-Hero-Academia-chap-54', 54, 7, '2019-12-01'),
('Boku-No-Hero-Academia-chap-55', 55, 7, '2019-12-01'),
('Boku-No-Hero-Academia-chap-56', 56, 7, '2019-12-01'),
('Boku-No-Hero-Academia-chap-57', 57, 7, '2019-12-01'),
('Boku-No-Hero-Academia-chap-58', 58, 7, '2019-12-01'),
('Boku-No-Hero-Academia-chap-59', 59, 7, '2019-12-01'),
('Boku-No-Hero-Academia-chap-6', 6, 7, '2019-12-01'),
('Boku-No-Hero-Academia-chap-60', 60, 7, '2019-12-01'),
('Boku-No-Hero-Academia-chap-61', 61, 7, '2019-12-01'),
('Boku-No-Hero-Academia-chap-62', 62, 7, '2019-12-01'),
('Boku-No-Hero-Academia-chap-63', 63, 7, '2019-12-01'),
('Boku-No-Hero-Academia-chap-64', 64, 7, '2019-12-01'),
('Boku-No-Hero-Academia-chap-65', 65, 7, '2019-12-01'),
('Boku-No-Hero-Academia-chap-66', 66, 7, '2019-12-01'),
('Boku-No-Hero-Academia-chap-67', 67, 7, '2019-12-01'),
('Boku-No-Hero-Academia-chap-68', 68, 7, '2019-12-01'),
('Boku-No-Hero-Academia-chap-69', 69, 7, '2019-12-01'),
('Boku-No-Hero-Academia-chap-7', 7, 7, '2019-12-01'),
('Boku-No-Hero-Academia-chap-70', 70, 7, '2019-12-01'),
('Boku-No-Hero-Academia-chap-71', 71, 7, '2019-12-01'),
('Boku-No-Hero-Academia-chap-72', 72, 7, '2019-12-01'),
('Boku-No-Hero-Academia-chap-73', 73, 7, '2019-12-01'),
('Boku-No-Hero-Academia-chap-74', 74, 7, '2019-12-01'),
('Boku-No-Hero-Academia-chap-75', 75, 7, '2019-12-01'),
('Boku-No-Hero-Academia-chap-76', 76, 7, '2019-12-01'),
('Boku-No-Hero-Academia-chap-77', 77, 7, '2019-12-01'),
('Boku-No-Hero-Academia-chap-78', 78, 7, '2019-12-01'),
('Boku-No-Hero-Academia-chap-79', 79, 7, '2019-12-01'),
('Boku-No-Hero-Academia-chap-8', 8, 7, '2019-12-01'),
('Boku-No-Hero-Academia-chap-80', 80, 7, '2019-12-01'),
('Boku-No-Hero-Academia-chap-81', 81, 7, '2019-12-01'),
('Boku-No-Hero-Academia-chap-82', 82, 7, '2019-12-01'),
('Boku-No-Hero-Academia-chap-83', 83, 7, '2019-12-01'),
('Boku-No-Hero-Academia-chap-84', 84, 7, '2019-12-01'),
('Boku-No-Hero-Academia-chap-85', 85, 7, '2019-12-01'),
('Boku-No-Hero-Academia-chap-86', 86, 7, '2019-12-01'),
('Boku-No-Hero-Academia-chap-87', 87, 7, '2019-12-01'),
('Boku-No-Hero-Academia-chap-88', 88, 7, '2019-12-01'),
('Boku-No-Hero-Academia-chap-89', 89, 7, '2019-12-01'),
('Boku-No-Hero-Academia-chap-9', 9, 7, '2019-12-01'),
('Boku-No-Hero-Academia-chap-90', 90, 7, '2019-12-01'),
('Boku-No-Hero-Academia-chap-91', 91, 7, '2019-12-01'),
('Boku-No-Hero-Academia-chap-92', 92, 7, '2019-12-01'),
('Boku-No-Hero-Academia-chap-93', 93, 7, '2019-12-01'),
('Boku-No-Hero-Academia-chap-94', 94, 7, '2019-12-01'),
('Boku-No-Hero-Academia-chap-95', 95, 7, '2019-12-01'),
('Boku-No-Hero-Academia-chap-96', 96, 7, '2019-12-01'),
('Boku-No-Hero-Academia-chap-97', 97, 7, '2019-12-01'),
('Boku-No-Hero-Academia-chap-98', 98, 7, '2019-12-01'),
('Boku-No-Hero-Academia-chap-99', 99, 7, '2019-12-01'),
('Karada-Sagashi-chap-1', 1, 6, '2019-12-01'),
('Karada-Sagashi-chap-10', 10, 6, '2019-12-01'),
('Karada-Sagashi-chap-100', 100, 6, '2019-12-01'),
('Karada-Sagashi-chap-101', 101, 6, '2019-12-01'),
('Karada-Sagashi-chap-102', 102, 6, '2019-12-01'),
('Karada-Sagashi-chap-103', 103, 6, '2019-12-01'),
('Karada-Sagashi-chap-104', 104, 6, '2019-12-01'),
('Karada-Sagashi-chap-105', 105, 6, '2019-12-01'),
('Karada-Sagashi-chap-106', 106, 6, '2019-12-01'),
('Karada-Sagashi-chap-107', 107, 6, '2019-12-01'),
('Karada-Sagashi-chap-108', 108, 6, '2019-12-01'),
('Karada-Sagashi-chap-109', 109, 6, '2019-12-01'),
('Karada-Sagashi-chap-11', 11, 6, '2019-12-01'),
('Karada-Sagashi-chap-110', 110, 6, '2019-12-01'),
('Karada-Sagashi-chap-111', 111, 6, '2019-12-01'),
('Karada-Sagashi-chap-112', 112, 6, '2019-12-01'),
('Karada-Sagashi-chap-113', 113, 6, '2019-12-01'),
('Karada-Sagashi-chap-114', 114, 6, '2019-12-01'),
('Karada-Sagashi-chap-115', 115, 6, '2019-12-01'),
('Karada-Sagashi-chap-116', 116, 6, '2019-12-01'),
('Karada-Sagashi-chap-117', 117, 6, '2019-12-01'),
('Karada-Sagashi-chap-118', 118, 6, '2019-12-01'),
('Karada-Sagashi-chap-119', 119, 6, '2019-12-01'),
('Karada-Sagashi-chap-12', 12, 6, '2019-12-01'),
('Karada-Sagashi-chap-120', 120, 6, '2019-12-01'),
('Karada-Sagashi-chap-121', 121, 6, '2019-12-01'),
('Karada-Sagashi-chap-122', 122, 6, '2019-12-01'),
('Karada-Sagashi-chap-123', 123, 6, '2019-12-01'),
('Karada-Sagashi-chap-124', 124, 6, '2019-12-01'),
('Karada-Sagashi-chap-125', 125, 6, '2019-12-01'),
('Karada-Sagashi-chap-126', 126, 6, '2019-12-01'),
('Karada-Sagashi-chap-127', 127, 6, '2019-12-01'),
('Karada-Sagashi-chap-128', 128, 6, '2019-12-01'),
('Karada-Sagashi-chap-129', 129, 6, '2019-12-01'),
('Karada-Sagashi-chap-13', 13, 6, '2019-12-01'),
('Karada-Sagashi-chap-130', 130, 6, '2019-12-01'),
('Karada-Sagashi-chap-131', 131, 6, '2019-12-01'),
('Karada-Sagashi-chap-132', 132, 6, '2019-12-01'),
('Karada-Sagashi-chap-133', 133, 6, '2019-12-01'),
('Karada-Sagashi-chap-134', 134, 6, '2019-12-01'),
('Karada-Sagashi-chap-135', 135, 6, '2019-12-01'),
('Karada-Sagashi-chap-136', 136, 6, '2019-12-01'),
('Karada-Sagashi-chap-137', 137, 6, '2019-12-01'),
('Karada-Sagashi-chap-14', 14, 6, '2019-12-01'),
('Karada-Sagashi-chap-15', 15, 6, '2019-12-01'),
('Karada-Sagashi-chap-16', 16, 6, '2019-12-01'),
('Karada-Sagashi-chap-17', 17, 6, '2019-12-01'),
('Karada-Sagashi-chap-18', 18, 6, '2019-12-01'),
('Karada-Sagashi-chap-19', 19, 6, '2019-12-01'),
('Karada-Sagashi-chap-2', 2, 6, '2019-12-01'),
('Karada-Sagashi-chap-20', 20, 6, '2019-12-01'),
('Karada-Sagashi-chap-21', 21, 6, '2019-12-01'),
('Karada-Sagashi-chap-22', 22, 6, '2019-12-01'),
('Karada-Sagashi-chap-23', 23, 6, '2019-12-01'),
('Karada-Sagashi-chap-24', 24, 6, '2019-12-01'),
('Karada-Sagashi-chap-25', 25, 6, '2019-12-01'),
('Karada-Sagashi-chap-26', 26, 6, '2019-12-01'),
('Karada-Sagashi-chap-27', 27, 6, '2019-12-01'),
('Karada-Sagashi-chap-28', 28, 6, '2019-12-01'),
('Karada-Sagashi-chap-29', 29, 6, '2019-12-01'),
('Karada-Sagashi-chap-3', 3, 6, '2019-12-01'),
('Karada-Sagashi-chap-30', 30, 6, '2019-12-01'),
('Karada-Sagashi-chap-31', 31, 6, '2019-12-01'),
('Karada-Sagashi-chap-32', 32, 6, '2019-12-01'),
('Karada-Sagashi-chap-33', 33, 6, '2019-12-01'),
('Karada-Sagashi-chap-34', 34, 6, '2019-12-01'),
('Karada-Sagashi-chap-35', 35, 6, '2019-12-01'),
('Karada-Sagashi-chap-36', 36, 6, '2019-12-01'),
('Karada-Sagashi-chap-37', 37, 6, '2019-12-01'),
('Karada-Sagashi-chap-38', 38, 6, '2019-12-01'),
('Karada-Sagashi-chap-39', 39, 6, '2019-12-01'),
('Karada-Sagashi-chap-4', 4, 6, '2019-12-01'),
('Karada-Sagashi-chap-40', 40, 6, '2019-12-01'),
('Karada-Sagashi-chap-41', 41, 6, '2019-12-01'),
('Karada-Sagashi-chap-42', 42, 6, '2019-12-01'),
('Karada-Sagashi-chap-43', 43, 6, '2019-12-01'),
('Karada-Sagashi-chap-44', 44, 6, '2019-12-01'),
('Karada-Sagashi-chap-45', 45, 6, '2019-12-01'),
('Karada-Sagashi-chap-46', 46, 6, '2019-12-01'),
('Karada-Sagashi-chap-47', 47, 6, '2019-12-01'),
('Karada-Sagashi-chap-48', 48, 6, '2019-12-01'),
('Karada-Sagashi-chap-49', 49, 6, '2019-12-01'),
('Karada-Sagashi-chap-5', 5, 6, '2019-12-01'),
('Karada-Sagashi-chap-50', 50, 6, '2019-12-01'),
('Karada-Sagashi-chap-51', 51, 6, '2019-12-01'),
('Karada-Sagashi-chap-52', 52, 6, '2019-12-01'),
('Karada-Sagashi-chap-53', 53, 6, '2019-12-01'),
('Karada-Sagashi-chap-54', 54, 6, '2019-12-01'),
('Karada-Sagashi-chap-55', 55, 6, '2019-12-01'),
('Karada-Sagashi-chap-56', 56, 6, '2019-12-01'),
('Karada-Sagashi-chap-57', 57, 6, '2019-12-01'),
('Karada-Sagashi-chap-58', 58, 6, '2019-12-01'),
('Karada-Sagashi-chap-59', 59, 6, '2019-12-01'),
('Karada-Sagashi-chap-6', 6, 6, '2019-12-01'),
('Karada-Sagashi-chap-60', 60, 6, '2019-12-01'),
('Karada-Sagashi-chap-61', 61, 6, '2019-12-01'),
('Karada-Sagashi-chap-62', 62, 6, '2019-12-01'),
('Karada-Sagashi-chap-63', 63, 6, '2019-12-01'),
('Karada-Sagashi-chap-64', 64, 6, '2019-12-01'),
('Karada-Sagashi-chap-65', 65, 6, '2019-12-01'),
('Karada-Sagashi-chap-66', 66, 6, '2019-12-01'),
('Karada-Sagashi-chap-67', 67, 6, '2019-12-01'),
('Karada-Sagashi-chap-68', 68, 6, '2019-12-01'),
('Karada-Sagashi-chap-69', 69, 6, '2019-12-01'),
('Karada-Sagashi-chap-7', 7, 6, '2019-12-01'),
('Karada-Sagashi-chap-70', 70, 6, '2019-12-01'),
('Karada-Sagashi-chap-71', 71, 6, '2019-12-01'),
('Karada-Sagashi-chap-72', 72, 6, '2019-12-01'),
('Karada-Sagashi-chap-73', 73, 6, '2019-12-01'),
('Karada-Sagashi-chap-74', 74, 6, '2019-12-01'),
('Karada-Sagashi-chap-75', 75, 6, '2019-12-01'),
('Karada-Sagashi-chap-76', 76, 6, '2019-12-01'),
('Karada-Sagashi-chap-77', 77, 6, '2019-12-01'),
('Karada-Sagashi-chap-78', 78, 6, '2019-12-01'),
('Karada-Sagashi-chap-79', 79, 6, '2019-12-01'),
('Karada-Sagashi-chap-8', 8, 6, '2019-12-01'),
('Karada-Sagashi-chap-80', 80, 6, '2019-12-01'),
('Karada-Sagashi-chap-81', 81, 6, '2019-12-01'),
('Karada-Sagashi-chap-82', 82, 6, '2019-12-01'),
('Karada-Sagashi-chap-83', 83, 6, '2019-12-01'),
('Karada-Sagashi-chap-84', 84, 6, '2019-12-01'),
('Karada-Sagashi-chap-85', 85, 6, '2019-12-01'),
('Karada-Sagashi-chap-86', 86, 6, '2019-12-01'),
('Karada-Sagashi-chap-87', 87, 6, '2019-12-01'),
('Karada-Sagashi-chap-88', 88, 6, '2019-12-01'),
('Karada-Sagashi-chap-89', 89, 6, '2019-12-01'),
('Karada-Sagashi-chap-9', 9, 6, '2019-12-01'),
('Karada-Sagashi-chap-90', 90, 6, '2019-12-01'),
('Karada-Sagashi-chap-91', 91, 6, '2019-12-01'),
('Karada-Sagashi-chap-92', 92, 6, '2019-12-01'),
('Karada-Sagashi-chap-93', 93, 6, '2019-12-01'),
('Karada-Sagashi-chap-94', 94, 6, '2019-12-01'),
('Karada-Sagashi-chap-95', 95, 6, '2019-12-01'),
('Karada-Sagashi-chap-96', 96, 6, '2019-12-01'),
('Karada-Sagashi-chap-97', 97, 6, '2019-12-01'),
('Karada-Sagashi-chap-98', 98, 6, '2019-12-01'),
('Karada-Sagashi-chap-99', 99, 6, '2019-12-01'),
('kimetsu-no-yaiba-chap-1', 1, 2, '2019-11-29'),
('kimetsu-no-yaiba-chap-10', 10, 2, '2019-11-29'),
('kimetsu-no-yaiba-chap-100', 100, 2, '2019-11-29'),
('kimetsu-no-yaiba-chap-101', 101, 2, '2019-11-29'),
('kimetsu-no-yaiba-chap-102', 102, 2, '2019-11-29'),
('kimetsu-no-yaiba-chap-103', 103, 2, '2019-11-29'),
('kimetsu-no-yaiba-chap-104', 104, 2, '2019-11-29'),
('kimetsu-no-yaiba-chap-105', 105, 2, '2019-11-29'),
('kimetsu-no-yaiba-chap-106', 106, 2, '2019-11-29'),
('kimetsu-no-yaiba-chap-107', 107, 2, '2019-11-29'),
('kimetsu-no-yaiba-chap-108', 108, 2, '2019-11-29'),
('kimetsu-no-yaiba-chap-109', 109, 2, '2019-11-29'),
('kimetsu-no-yaiba-chap-11', 11, 2, '2019-11-29'),
('kimetsu-no-yaiba-chap-110', 110, 2, '2019-11-29'),
('kimetsu-no-yaiba-chap-111', 111, 2, '2019-11-29'),
('kimetsu-no-yaiba-chap-112', 112, 2, '2019-11-29'),
('kimetsu-no-yaiba-chap-113', 113, 2, '2019-11-29'),
('kimetsu-no-yaiba-chap-114', 114, 2, '2019-11-29'),
('kimetsu-no-yaiba-chap-115', 115, 2, '2019-11-29'),
('kimetsu-no-yaiba-chap-116', 116, 2, '2019-11-29'),
('kimetsu-no-yaiba-chap-117', 117, 2, '2019-11-29'),
('kimetsu-no-yaiba-chap-118', 118, 2, '2019-11-29'),
('kimetsu-no-yaiba-chap-119', 119, 2, '2019-11-29'),
('kimetsu-no-yaiba-chap-12', 12, 2, '2019-11-29'),
('kimetsu-no-yaiba-chap-120', 120, 2, '2019-11-29'),
('kimetsu-no-yaiba-chap-121', 121, 2, '2019-11-29'),
('kimetsu-no-yaiba-chap-122', 122, 2, '2019-11-29'),
('kimetsu-no-yaiba-chap-123', 123, 2, '2019-11-29'),
('kimetsu-no-yaiba-chap-124', 124, 2, '2019-11-29'),
('kimetsu-no-yaiba-chap-125', 125, 2, '2019-11-29'),
('kimetsu-no-yaiba-chap-126', 126, 2, '2019-11-29'),
('kimetsu-no-yaiba-chap-127', 127, 2, '2019-11-29'),
('kimetsu-no-yaiba-chap-128', 128, 2, '2019-11-29'),
('kimetsu-no-yaiba-chap-129', 129, 2, '2019-11-29'),
('kimetsu-no-yaiba-chap-13', 13, 2, '2019-11-29'),
('kimetsu-no-yaiba-chap-130', 130, 2, '2019-11-29'),
('kimetsu-no-yaiba-chap-131', 131, 2, '2019-11-29'),
('kimetsu-no-yaiba-chap-132', 132, 2, '2019-11-29'),
('kimetsu-no-yaiba-chap-133', 133, 2, '2019-11-29'),
('kimetsu-no-yaiba-chap-134', 134, 2, '2019-11-29'),
('kimetsu-no-yaiba-chap-135', 135, 2, '2019-11-29'),
('kimetsu-no-yaiba-chap-136', 136, 2, '2019-11-29'),
('kimetsu-no-yaiba-chap-137', 137, 2, '2019-11-29'),
('kimetsu-no-yaiba-chap-138', 138, 2, '2019-11-29'),
('kimetsu-no-yaiba-chap-139', 139, 2, '2019-11-29'),
('kimetsu-no-yaiba-chap-14', 14, 2, '2019-11-29'),
('kimetsu-no-yaiba-chap-140', 140, 2, '2019-11-29'),
('kimetsu-no-yaiba-chap-141', 141, 2, '2019-11-29'),
('kimetsu-no-yaiba-chap-142', 142, 2, '2019-11-29'),
('kimetsu-no-yaiba-chap-143', 143, 2, '2019-11-29'),
('kimetsu-no-yaiba-chap-144', 144, 2, '2019-11-29'),
('kimetsu-no-yaiba-chap-145', 145, 2, '2019-11-29'),
('kimetsu-no-yaiba-chap-146', 146, 2, '2019-11-29'),
('kimetsu-no-yaiba-chap-147', 147, 2, '2019-11-29'),
('kimetsu-no-yaiba-chap-148', 148, 2, '2019-11-29'),
('kimetsu-no-yaiba-chap-149', 149, 2, '2019-11-29'),
('kimetsu-no-yaiba-chap-15', 15, 2, '2019-11-29'),
('kimetsu-no-yaiba-chap-150', 150, 2, '2019-11-29'),
('kimetsu-no-yaiba-chap-151', 151, 2, '2019-11-29'),
('kimetsu-no-yaiba-chap-152', 152, 2, '2019-11-29'),
('kimetsu-no-yaiba-chap-153', 153, 2, '2019-11-29'),
('kimetsu-no-yaiba-chap-154', 154, 2, '2019-11-29'),
('kimetsu-no-yaiba-chap-155', 155, 2, '2019-11-29'),
('kimetsu-no-yaiba-chap-156', 156, 2, '2019-11-29'),
('kimetsu-no-yaiba-chap-157', 157, 2, '2019-11-29'),
('kimetsu-no-yaiba-chap-158', 158, 2, '2019-11-29'),
('kimetsu-no-yaiba-chap-159', 159, 2, '2019-11-29'),
('kimetsu-no-yaiba-chap-16', 16, 2, '2019-11-29'),
('kimetsu-no-yaiba-chap-160', 160, 2, '2019-11-29'),
('kimetsu-no-yaiba-chap-161', 161, 2, '2019-11-29'),
('kimetsu-no-yaiba-chap-162', 162, 2, '2019-11-29'),
('kimetsu-no-yaiba-chap-163', 163, 2, '2019-11-29'),
('kimetsu-no-yaiba-chap-164', 164, 2, '2019-11-29'),
('kimetsu-no-yaiba-chap-165', 165, 2, '2019-11-29'),
('kimetsu-no-yaiba-chap-166', 166, 2, '2019-11-29'),
('kimetsu-no-yaiba-chap-167', 167, 2, '2019-11-29'),
('kimetsu-no-yaiba-chap-168', 168, 2, '2019-11-29'),
('kimetsu-no-yaiba-chap-169', 169, 2, '2019-11-29'),
('kimetsu-no-yaiba-chap-17', 17, 2, '2019-11-29'),
('kimetsu-no-yaiba-chap-170', 170, 2, '2019-11-29'),
('kimetsu-no-yaiba-chap-171', 171, 2, '2019-11-29'),
('kimetsu-no-yaiba-chap-172', 172, 2, '2019-11-29'),
('kimetsu-no-yaiba-chap-173', 173, 2, '2019-11-29'),
('kimetsu-no-yaiba-chap-174', 174, 2, '2019-11-29'),
('kimetsu-no-yaiba-chap-175', 175, 2, '2019-11-29'),
('kimetsu-no-yaiba-chap-176', 176, 2, '2019-11-29'),
('kimetsu-no-yaiba-chap-177', 177, 2, '2019-11-29'),
('kimetsu-no-yaiba-chap-178', 178, 2, '2019-11-29'),
('kimetsu-no-yaiba-chap-179', 179, 2, '2019-11-29'),
('kimetsu-no-yaiba-chap-18', 18, 2, '2019-11-29'),
('kimetsu-no-yaiba-chap-180', 180, 2, '2019-11-29'),
('kimetsu-no-yaiba-chap-181', 181, 2, '2019-11-29'),
('kimetsu-no-yaiba-chap-182', 182, 2, '2019-11-29'),
('kimetsu-no-yaiba-chap-183', 183, 2, '2019-11-29'),
('kimetsu-no-yaiba-chap-184', 184, 2, '2019-11-29'),
('kimetsu-no-yaiba-chap-185', 185, 2, '2019-11-29'),
('kimetsu-no-yaiba-chap-19', 19, 2, '2019-11-29'),
('kimetsu-no-yaiba-chap-2', 2, 2, '2019-11-29'),
('kimetsu-no-yaiba-chap-20', 20, 2, '2019-11-29'),
('kimetsu-no-yaiba-chap-21', 21, 2, '2019-11-29'),
('kimetsu-no-yaiba-chap-22', 22, 2, '2019-11-29'),
('kimetsu-no-yaiba-chap-23', 23, 2, '2019-11-29'),
('kimetsu-no-yaiba-chap-24', 24, 2, '2019-11-29'),
('kimetsu-no-yaiba-chap-25', 25, 2, '2019-11-29'),
('kimetsu-no-yaiba-chap-26', 26, 2, '2019-11-29'),
('kimetsu-no-yaiba-chap-27', 27, 2, '2019-11-29'),
('kimetsu-no-yaiba-chap-28', 28, 2, '2019-11-29'),
('kimetsu-no-yaiba-chap-29', 29, 2, '2019-11-29'),
('kimetsu-no-yaiba-chap-3', 3, 2, '2019-11-29'),
('kimetsu-no-yaiba-chap-30', 30, 2, '2019-11-29'),
('kimetsu-no-yaiba-chap-31', 31, 2, '2019-11-29'),
('kimetsu-no-yaiba-chap-32', 32, 2, '2019-11-29'),
('kimetsu-no-yaiba-chap-33', 33, 2, '2019-11-29'),
('kimetsu-no-yaiba-chap-34', 34, 2, '2019-11-29'),
('kimetsu-no-yaiba-chap-35', 35, 2, '2019-11-29'),
('kimetsu-no-yaiba-chap-36', 36, 2, '2019-11-29'),
('kimetsu-no-yaiba-chap-37', 37, 2, '2019-11-29'),
('kimetsu-no-yaiba-chap-38', 38, 2, '2019-11-29'),
('kimetsu-no-yaiba-chap-39', 39, 2, '2019-11-29'),
('kimetsu-no-yaiba-chap-4', 4, 2, '2019-11-29'),
('kimetsu-no-yaiba-chap-40', 40, 2, '2019-11-29'),
('kimetsu-no-yaiba-chap-41', 41, 2, '2019-11-29'),
('kimetsu-no-yaiba-chap-42', 42, 2, '2019-11-29'),
('kimetsu-no-yaiba-chap-43', 43, 2, '2019-11-29'),
('kimetsu-no-yaiba-chap-44', 44, 2, '2019-11-29'),
('kimetsu-no-yaiba-chap-45', 45, 2, '2019-11-29'),
('kimetsu-no-yaiba-chap-46', 46, 2, '2019-11-29'),
('kimetsu-no-yaiba-chap-47', 47, 2, '2019-11-29'),
('kimetsu-no-yaiba-chap-48', 48, 2, '2019-11-29'),
('kimetsu-no-yaiba-chap-49', 49, 2, '2019-11-29'),
('kimetsu-no-yaiba-chap-5', 5, 2, '2019-11-29'),
('kimetsu-no-yaiba-chap-50', 50, 2, '2019-11-29'),
('kimetsu-no-yaiba-chap-51', 51, 2, '2019-11-29'),
('kimetsu-no-yaiba-chap-52', 52, 2, '2019-11-29'),
('kimetsu-no-yaiba-chap-53', 53, 2, '2019-11-29'),
('kimetsu-no-yaiba-chap-54', 54, 2, '2019-11-29'),
('kimetsu-no-yaiba-chap-55', 55, 2, '2019-11-29'),
('kimetsu-no-yaiba-chap-56', 56, 2, '2019-11-29'),
('kimetsu-no-yaiba-chap-57', 57, 2, '2019-11-29'),
('kimetsu-no-yaiba-chap-58', 58, 2, '2019-11-29'),
('kimetsu-no-yaiba-chap-59', 59, 2, '2019-11-29'),
('kimetsu-no-yaiba-chap-6', 6, 2, '2019-11-29'),
('kimetsu-no-yaiba-chap-60', 60, 2, '2019-11-29'),
('kimetsu-no-yaiba-chap-61', 61, 2, '2019-11-29'),
('kimetsu-no-yaiba-chap-62', 62, 2, '2019-11-29'),
('kimetsu-no-yaiba-chap-63', 63, 2, '2019-11-29'),
('kimetsu-no-yaiba-chap-64', 64, 2, '2019-11-29'),
('kimetsu-no-yaiba-chap-65', 65, 2, '2019-11-29'),
('kimetsu-no-yaiba-chap-66', 66, 2, '2019-11-29'),
('kimetsu-no-yaiba-chap-67', 67, 2, '2019-11-29'),
('kimetsu-no-yaiba-chap-68', 68, 2, '2019-11-29'),
('kimetsu-no-yaiba-chap-69', 69, 2, '2019-11-29'),
('kimetsu-no-yaiba-chap-7', 7, 2, '2019-11-29'),
('kimetsu-no-yaiba-chap-70', 70, 2, '2019-11-29'),
('kimetsu-no-yaiba-chap-71', 71, 2, '2019-11-29'),
('kimetsu-no-yaiba-chap-72', 72, 2, '2019-11-29'),
('kimetsu-no-yaiba-chap-73', 73, 2, '2019-11-29'),
('kimetsu-no-yaiba-chap-74', 74, 2, '2019-11-29'),
('kimetsu-no-yaiba-chap-75', 75, 2, '2019-11-29'),
('kimetsu-no-yaiba-chap-76', 76, 2, '2019-11-29'),
('kimetsu-no-yaiba-chap-77', 77, 2, '2019-11-29'),
('kimetsu-no-yaiba-chap-78', 78, 2, '2019-11-29'),
('kimetsu-no-yaiba-chap-79', 79, 2, '2019-11-29'),
('kimetsu-no-yaiba-chap-8', 8, 2, '2019-11-29'),
('kimetsu-no-yaiba-chap-80', 80, 2, '2019-11-29'),
('kimetsu-no-yaiba-chap-81', 81, 2, '2019-11-29'),
('kimetsu-no-yaiba-chap-82', 82, 2, '2019-11-29'),
('kimetsu-no-yaiba-chap-83', 83, 2, '2019-11-29'),
('kimetsu-no-yaiba-chap-84', 84, 2, '2019-11-29'),
('kimetsu-no-yaiba-chap-85', 85, 2, '2019-11-29'),
('kimetsu-no-yaiba-chap-86', 86, 2, '2019-11-29'),
('kimetsu-no-yaiba-chap-87', 87, 2, '2019-11-29'),
('kimetsu-no-yaiba-chap-88', 88, 2, '2019-11-29'),
('kimetsu-no-yaiba-chap-89', 89, 2, '2019-11-29'),
('kimetsu-no-yaiba-chap-9', 9, 2, '2019-11-29'),
('kimetsu-no-yaiba-chap-90', 90, 2, '2019-11-29'),
('kimetsu-no-yaiba-chap-91', 91, 2, '2019-11-29'),
('kimetsu-no-yaiba-chap-92', 92, 2, '2019-11-29'),
('kimetsu-no-yaiba-chap-93', 93, 2, '2019-11-29'),
('kimetsu-no-yaiba-chap-94', 94, 2, '2019-11-29'),
('kimetsu-no-yaiba-chap-95', 95, 2, '2019-11-29'),
('kimetsu-no-yaiba-chap-96', 96, 2, '2019-11-29'),
('kimetsu-no-yaiba-chap-97', 97, 2, '2019-11-29'),
('kimetsu-no-yaiba-chap-98', 98, 2, '2019-11-29'),
('kimetsu-no-yaiba-chap-99', 99, 2, '2019-11-29'),
('Nanatsu-No-Taizai-chap-1', 1, 3, '2019-11-29'),
('Nanatsu-No-Taizai-chap-10', 10, 3, '2019-12-01'),
('Nanatsu-No-Taizai-chap-100', 100, 3, '2019-12-01'),
('Nanatsu-No-Taizai-chap-101', 101, 3, '2019-12-01'),
('Nanatsu-No-Taizai-chap-102', 102, 3, '2019-12-01'),
('Nanatsu-No-Taizai-chap-103', 103, 3, '2019-12-01'),
('Nanatsu-No-Taizai-chap-104', 104, 3, '2019-12-01'),
('Nanatsu-No-Taizai-chap-105', 105, 3, '2019-12-01'),
('Nanatsu-No-Taizai-chap-106', 106, 3, '2019-12-01'),
('Nanatsu-No-Taizai-chap-107', 107, 3, '2019-12-01'),
('Nanatsu-No-Taizai-chap-108', 108, 3, '2019-12-01'),
('Nanatsu-No-Taizai-chap-109', 109, 3, '2019-12-01'),
('Nanatsu-No-Taizai-chap-11', 11, 3, '2019-12-01'),
('Nanatsu-No-Taizai-chap-110', 110, 3, '2019-12-01'),
('Nanatsu-No-Taizai-chap-111', 111, 3, '2019-12-01'),
('Nanatsu-No-Taizai-chap-112', 112, 3, '2019-12-01'),
('Nanatsu-No-Taizai-chap-113', 113, 3, '2019-12-01'),
('Nanatsu-No-Taizai-chap-114', 114, 3, '2019-12-01'),
('Nanatsu-No-Taizai-chap-115', 115, 3, '2019-12-01'),
('Nanatsu-No-Taizai-chap-116', 116, 3, '2019-12-01'),
('Nanatsu-No-Taizai-chap-117', 117, 3, '2019-12-01'),
('Nanatsu-No-Taizai-chap-118', 118, 3, '2019-12-01'),
('Nanatsu-No-Taizai-chap-119', 119, 3, '2019-12-01'),
('Nanatsu-No-Taizai-chap-12', 12, 3, '2019-12-01'),
('Nanatsu-No-Taizai-chap-120', 120, 3, '2019-12-01'),
('Nanatsu-No-Taizai-chap-121', 121, 3, '2019-12-01'),
('Nanatsu-No-Taizai-chap-122', 122, 3, '2019-12-01'),
('Nanatsu-No-Taizai-chap-123', 123, 3, '2019-12-01'),
('Nanatsu-No-Taizai-chap-124', 124, 3, '2019-12-01'),
('Nanatsu-No-Taizai-chap-125', 125, 3, '2019-12-01'),
('Nanatsu-No-Taizai-chap-126', 126, 3, '2019-12-01'),
('Nanatsu-No-Taizai-chap-127', 127, 3, '2019-12-01'),
('Nanatsu-No-Taizai-chap-128', 128, 3, '2019-12-01'),
('Nanatsu-No-Taizai-chap-129', 129, 3, '2019-12-01'),
('Nanatsu-No-Taizai-chap-13', 13, 3, '2019-12-01'),
('Nanatsu-No-Taizai-chap-130', 130, 3, '2019-12-01'),
('Nanatsu-No-Taizai-chap-131', 131, 3, '2019-12-01'),
('Nanatsu-No-Taizai-chap-132', 132, 3, '2019-12-01'),
('Nanatsu-No-Taizai-chap-133', 133, 3, '2019-12-01'),
('Nanatsu-No-Taizai-chap-134', 134, 3, '2019-12-01'),
('Nanatsu-No-Taizai-chap-135', 135, 3, '2019-12-01'),
('Nanatsu-No-Taizai-chap-136', 136, 3, '2019-12-01'),
('Nanatsu-No-Taizai-chap-137', 137, 3, '2019-12-01'),
('Nanatsu-No-Taizai-chap-138', 138, 3, '2019-12-01'),
('Nanatsu-No-Taizai-chap-139', 139, 3, '2019-12-01'),
('Nanatsu-No-Taizai-chap-14', 14, 3, '2019-12-01'),
('Nanatsu-No-Taizai-chap-140', 140, 3, '2019-12-01'),
('Nanatsu-No-Taizai-chap-141', 141, 3, '2019-12-01'),
('Nanatsu-No-Taizai-chap-142', 142, 3, '2019-12-01'),
('Nanatsu-No-Taizai-chap-143', 143, 3, '2019-12-01'),
('Nanatsu-No-Taizai-chap-144', 144, 3, '2019-12-01'),
('Nanatsu-No-Taizai-chap-145', 145, 3, '2019-12-01'),
('Nanatsu-No-Taizai-chap-146', 146, 3, '2019-12-01'),
('Nanatsu-No-Taizai-chap-147', 147, 3, '2019-12-01'),
('Nanatsu-No-Taizai-chap-148', 148, 3, '2019-12-01'),
('Nanatsu-No-Taizai-chap-149', 149, 3, '2019-12-01'),
('Nanatsu-No-Taizai-chap-15', 15, 3, '2019-12-01'),
('Nanatsu-No-Taizai-chap-150', 150, 3, '2019-12-01'),
('Nanatsu-No-Taizai-chap-151', 151, 3, '2019-12-01'),
('Nanatsu-No-Taizai-chap-152', 152, 3, '2019-12-01'),
('Nanatsu-No-Taizai-chap-153', 153, 3, '2019-12-01'),
('Nanatsu-No-Taizai-chap-154', 154, 3, '2019-12-01'),
('Nanatsu-No-Taizai-chap-155', 155, 3, '2019-12-01'),
('Nanatsu-No-Taizai-chap-156', 156, 3, '2019-12-01'),
('Nanatsu-No-Taizai-chap-157', 157, 3, '2019-12-01'),
('Nanatsu-No-Taizai-chap-158', 158, 3, '2019-12-01'),
('Nanatsu-No-Taizai-chap-159', 159, 3, '2019-12-01'),
('Nanatsu-No-Taizai-chap-16', 16, 3, '2019-12-01'),
('Nanatsu-No-Taizai-chap-160', 160, 3, '2019-12-01'),
('Nanatsu-No-Taizai-chap-161', 161, 3, '2019-12-01'),
('Nanatsu-No-Taizai-chap-162', 162, 3, '2019-12-01'),
('Nanatsu-No-Taizai-chap-163', 163, 3, '2019-12-01'),
('Nanatsu-No-Taizai-chap-164', 164, 3, '2019-12-01'),
('Nanatsu-No-Taizai-chap-165', 165, 3, '2019-12-01'),
('Nanatsu-No-Taizai-chap-166', 166, 3, '2019-12-01'),
('Nanatsu-No-Taizai-chap-167', 167, 3, '2019-12-01'),
('Nanatsu-No-Taizai-chap-168', 168, 3, '2019-12-01'),
('Nanatsu-No-Taizai-chap-169', 169, 3, '2019-12-01'),
('Nanatsu-No-Taizai-chap-17', 17, 3, '2019-12-01'),
('Nanatsu-No-Taizai-chap-170', 170, 3, '2019-12-01'),
('Nanatsu-No-Taizai-chap-171', 171, 3, '2019-12-01'),
('Nanatsu-No-Taizai-chap-172', 172, 3, '2019-12-01'),
('Nanatsu-No-Taizai-chap-173', 173, 3, '2019-12-01'),
('Nanatsu-No-Taizai-chap-174', 174, 3, '2019-12-01'),
('Nanatsu-No-Taizai-chap-175', 175, 3, '2019-12-01'),
('Nanatsu-No-Taizai-chap-176', 176, 3, '2019-12-01'),
('Nanatsu-No-Taizai-chap-177', 177, 3, '2019-12-01'),
('Nanatsu-No-Taizai-chap-178', 178, 3, '2019-12-01'),
('Nanatsu-No-Taizai-chap-179', 179, 3, '2019-12-01'),
('Nanatsu-No-Taizai-chap-18', 18, 3, '2019-12-01'),
('Nanatsu-No-Taizai-chap-180', 180, 3, '2019-12-01'),
('Nanatsu-No-Taizai-chap-181', 181, 3, '2019-12-01'),
('Nanatsu-No-Taizai-chap-182', 182, 3, '2019-12-01'),
('Nanatsu-No-Taizai-chap-183', 183, 3, '2019-12-01'),
('Nanatsu-No-Taizai-chap-184', 184, 3, '2019-12-01'),
('Nanatsu-No-Taizai-chap-185', 185, 3, '2019-12-01'),
('Nanatsu-No-Taizai-chap-186', 186, 3, '2019-12-01'),
('Nanatsu-No-Taizai-chap-187', 187, 3, '2019-12-01'),
('Nanatsu-No-Taizai-chap-188', 188, 3, '2019-12-01'),
('Nanatsu-No-Taizai-chap-189', 189, 3, '2019-12-01'),
('Nanatsu-No-Taizai-chap-19', 19, 3, '2019-12-01'),
('Nanatsu-No-Taizai-chap-190', 190, 3, '2019-12-01'),
('Nanatsu-No-Taizai-chap-191', 191, 3, '2019-12-01'),
('Nanatsu-No-Taizai-chap-192', 192, 3, '2019-12-01'),
('Nanatsu-No-Taizai-chap-193', 193, 3, '2019-12-01'),
('Nanatsu-No-Taizai-chap-194', 194, 3, '2019-12-01'),
('Nanatsu-No-Taizai-chap-195', 195, 3, '2019-12-01'),
('Nanatsu-No-Taizai-chap-196', 196, 3, '2019-12-01'),
('Nanatsu-No-Taizai-chap-197', 197, 3, '2019-12-01'),
('Nanatsu-No-Taizai-chap-198', 198, 3, '2019-12-01'),
('Nanatsu-No-Taizai-chap-199', 199, 3, '2019-12-01'),
('Nanatsu-No-Taizai-chap-2', 2, 3, '2019-11-29'),
('Nanatsu-No-Taizai-chap-20', 20, 3, '2019-12-01'),
('Nanatsu-No-Taizai-chap-200', 200, 3, '2019-12-01'),
('Nanatsu-No-Taizai-chap-201', 201, 3, '2019-12-01'),
('Nanatsu-No-Taizai-chap-202', 202, 3, '2019-12-01'),
('Nanatsu-No-Taizai-chap-203', 203, 3, '2019-12-01'),
('Nanatsu-No-Taizai-chap-204', 204, 3, '2019-12-01'),
('Nanatsu-No-Taizai-chap-205', 205, 3, '2019-12-01'),
('Nanatsu-No-Taizai-chap-206', 206, 3, '2019-12-01'),
('Nanatsu-No-Taizai-chap-207', 207, 3, '2019-12-01'),
('Nanatsu-No-Taizai-chap-208', 208, 3, '2019-12-01'),
('Nanatsu-No-Taizai-chap-209', 209, 3, '2019-12-01'),
('Nanatsu-No-Taizai-chap-21', 21, 3, '2019-12-01'),
('Nanatsu-No-Taizai-chap-210', 210, 3, '2019-12-01'),
('Nanatsu-No-Taizai-chap-211', 211, 3, '2019-12-01'),
('Nanatsu-No-Taizai-chap-212', 212, 3, '2019-12-01'),
('Nanatsu-No-Taizai-chap-213', 213, 3, '2019-12-01'),
('Nanatsu-No-Taizai-chap-214', 214, 3, '2019-12-01'),
('Nanatsu-No-Taizai-chap-215', 215, 3, '2019-12-01'),
('Nanatsu-No-Taizai-chap-216', 216, 3, '2019-12-01'),
('Nanatsu-No-Taizai-chap-217', 217, 3, '2019-12-01'),
('Nanatsu-No-Taizai-chap-218', 218, 3, '2019-12-01'),
('Nanatsu-No-Taizai-chap-219', 219, 3, '2019-12-01'),
('Nanatsu-No-Taizai-chap-22', 22, 3, '2019-12-01'),
('Nanatsu-No-Taizai-chap-220', 220, 3, '2019-12-01'),
('Nanatsu-No-Taizai-chap-221', 221, 3, '2019-12-01'),
('Nanatsu-No-Taizai-chap-222', 222, 3, '2019-12-01'),
('Nanatsu-No-Taizai-chap-223', 223, 3, '2019-12-01'),
('Nanatsu-No-Taizai-chap-224', 224, 3, '2019-12-01'),
('Nanatsu-No-Taizai-chap-225', 225, 3, '2019-12-01'),
('Nanatsu-No-Taizai-chap-226', 226, 3, '2019-12-01'),
('Nanatsu-No-Taizai-chap-227', 227, 3, '2019-12-01'),
('Nanatsu-No-Taizai-chap-228', 228, 3, '2019-12-01'),
('Nanatsu-No-Taizai-chap-229', 229, 3, '2019-12-01'),
('Nanatsu-No-Taizai-chap-23', 23, 3, '2019-12-01'),
('Nanatsu-No-Taizai-chap-230', 230, 3, '2019-12-01'),
('Nanatsu-No-Taizai-chap-231', 231, 3, '2019-12-01'),
('Nanatsu-No-Taizai-chap-232', 232, 3, '2019-12-01'),
('Nanatsu-No-Taizai-chap-233', 233, 3, '2019-12-01'),
('Nanatsu-No-Taizai-chap-234', 234, 3, '2019-12-01'),
('Nanatsu-No-Taizai-chap-235', 235, 3, '2019-12-01'),
('Nanatsu-No-Taizai-chap-236', 236, 3, '2019-12-01'),
('Nanatsu-No-Taizai-chap-237', 237, 3, '2019-12-01'),
('Nanatsu-No-Taizai-chap-238', 238, 3, '2019-12-01'),
('Nanatsu-No-Taizai-chap-239', 239, 3, '2019-12-01'),
('Nanatsu-No-Taizai-chap-24', 24, 3, '2019-12-01'),
('Nanatsu-No-Taizai-chap-240', 240, 3, '2019-12-01'),
('Nanatsu-No-Taizai-chap-241', 241, 3, '2019-12-01'),
('Nanatsu-No-Taizai-chap-242', 242, 3, '2019-12-01'),
('Nanatsu-No-Taizai-chap-243', 243, 3, '2019-12-01'),
('Nanatsu-No-Taizai-chap-244', 244, 3, '2019-12-01'),
('Nanatsu-No-Taizai-chap-245', 245, 3, '2019-12-01'),
('Nanatsu-No-Taizai-chap-246', 246, 3, '2019-12-01'),
('Nanatsu-No-Taizai-chap-247', 247, 3, '2019-12-01'),
('Nanatsu-No-Taizai-chap-248', 248, 3, '2019-12-01'),
('Nanatsu-No-Taizai-chap-249', 249, 3, '2019-12-01'),
('Nanatsu-No-Taizai-chap-25', 25, 3, '2019-12-01'),
('Nanatsu-No-Taizai-chap-250', 250, 3, '2019-12-01'),
('Nanatsu-No-Taizai-chap-251', 251, 3, '2019-12-01'),
('Nanatsu-No-Taizai-chap-252', 252, 3, '2019-12-01'),
('Nanatsu-No-Taizai-chap-253', 253, 3, '2019-12-01'),
('Nanatsu-No-Taizai-chap-254', 254, 3, '2019-12-01'),
('Nanatsu-No-Taizai-chap-255', 255, 3, '2019-12-01'),
('Nanatsu-No-Taizai-chap-256', 256, 3, '2019-12-01'),
('Nanatsu-No-Taizai-chap-257', 257, 3, '2019-12-01'),
('Nanatsu-No-Taizai-chap-258', 258, 3, '2019-12-01'),
('Nanatsu-No-Taizai-chap-259', 259, 3, '2019-12-01'),
('Nanatsu-No-Taizai-chap-26', 26, 3, '2019-12-01'),
('Nanatsu-No-Taizai-chap-260', 260, 3, '2019-12-01'),
('Nanatsu-No-Taizai-chap-261', 261, 3, '2019-12-01'),
('Nanatsu-No-Taizai-chap-262', 262, 3, '2019-12-01'),
('Nanatsu-No-Taizai-chap-263', 263, 3, '2019-12-01'),
('Nanatsu-No-Taizai-chap-264', 264, 3, '2019-12-01'),
('Nanatsu-No-Taizai-chap-265', 265, 3, '2019-12-01'),
('Nanatsu-No-Taizai-chap-266', 266, 3, '2019-12-01');
INSERT INTO `chapters` (`chapter_id`, `chapter_name`, `mangaid`, `updated_time`) VALUES
('Nanatsu-No-Taizai-chap-267', 267, 3, '2019-12-01'),
('Nanatsu-No-Taizai-chap-268', 268, 3, '2019-12-01'),
('Nanatsu-No-Taizai-chap-269', 269, 3, '2019-12-01'),
('Nanatsu-No-Taizai-chap-27', 27, 3, '2019-12-01'),
('Nanatsu-No-Taizai-chap-270', 270, 3, '2019-12-01'),
('Nanatsu-No-Taizai-chap-271', 271, 3, '2019-12-01'),
('Nanatsu-No-Taizai-chap-272', 272, 3, '2019-12-01'),
('Nanatsu-No-Taizai-chap-273', 273, 3, '2019-12-01'),
('Nanatsu-No-Taizai-chap-274', 274, 3, '2019-12-01'),
('Nanatsu-No-Taizai-chap-275', 275, 3, '2019-12-01'),
('Nanatsu-No-Taizai-chap-276', 276, 3, '2019-12-01'),
('Nanatsu-No-Taizai-chap-277', 277, 3, '2019-12-01'),
('Nanatsu-No-Taizai-chap-278', 278, 3, '2019-12-01'),
('Nanatsu-No-Taizai-chap-279', 279, 3, '2019-12-01'),
('Nanatsu-No-Taizai-chap-28', 28, 3, '2019-12-01'),
('Nanatsu-No-Taizai-chap-280', 280, 3, '2019-12-01'),
('Nanatsu-No-Taizai-chap-281', 281, 3, '2019-12-01'),
('Nanatsu-No-Taizai-chap-282', 282, 3, '2019-12-01'),
('Nanatsu-No-Taizai-chap-283', 283, 3, '2019-12-01'),
('Nanatsu-No-Taizai-chap-284', 284, 3, '2019-12-01'),
('Nanatsu-No-Taizai-chap-285', 285, 3, '2019-12-01'),
('Nanatsu-No-Taizai-chap-286', 286, 3, '2019-12-01'),
('Nanatsu-No-Taizai-chap-287', 287, 3, '2019-12-01'),
('Nanatsu-No-Taizai-chap-288', 288, 3, '2019-12-01'),
('Nanatsu-No-Taizai-chap-289', 289, 3, '2019-12-01'),
('Nanatsu-No-Taizai-chap-29', 29, 3, '2019-12-01'),
('Nanatsu-No-Taizai-chap-290', 290, 3, '2019-12-01'),
('Nanatsu-No-Taizai-chap-291', 291, 3, '2019-12-01'),
('Nanatsu-No-Taizai-chap-292', 292, 3, '2019-12-01'),
('Nanatsu-No-Taizai-chap-293', 293, 3, '2019-12-01'),
('Nanatsu-No-Taizai-chap-294', 294, 3, '2019-12-01'),
('Nanatsu-No-Taizai-chap-295', 295, 3, '2019-12-01'),
('Nanatsu-No-Taizai-chap-296', 296, 3, '2019-12-01'),
('Nanatsu-No-Taizai-chap-297', 297, 3, '2019-12-01'),
('Nanatsu-No-Taizai-chap-298', 298, 3, '2019-12-01'),
('Nanatsu-No-Taizai-chap-299', 299, 3, '2019-12-01'),
('Nanatsu-No-Taizai-chap-3', 3, 3, '2019-11-29'),
('Nanatsu-No-Taizai-chap-30', 30, 3, '2019-12-01'),
('Nanatsu-No-Taizai-chap-300', 300, 3, '2019-12-01'),
('Nanatsu-No-Taizai-chap-301', 301, 3, '2019-12-01'),
('Nanatsu-No-Taizai-chap-302', 302, 3, '2019-12-01'),
('Nanatsu-No-Taizai-chap-303', 303, 3, '2019-12-01'),
('Nanatsu-No-Taizai-chap-304', 304, 3, '2019-12-01'),
('Nanatsu-No-Taizai-chap-305', 305, 3, '2019-12-01'),
('Nanatsu-No-Taizai-chap-306', 306, 3, '2019-12-01'),
('Nanatsu-No-Taizai-chap-307', 307, 3, '2019-12-01'),
('Nanatsu-No-Taizai-chap-308', 308, 3, '2019-12-01'),
('Nanatsu-No-Taizai-chap-309', 309, 3, '2019-12-01'),
('Nanatsu-No-Taizai-chap-31', 31, 3, '2019-12-01'),
('Nanatsu-No-Taizai-chap-310', 310, 3, '2019-12-01'),
('Nanatsu-No-Taizai-chap-311', 311, 3, '2019-12-01'),
('Nanatsu-No-Taizai-chap-312', 312, 3, '2019-12-01'),
('Nanatsu-No-Taizai-chap-313', 313, 3, '2019-12-01'),
('Nanatsu-No-Taizai-chap-314', 314, 3, '2019-12-01'),
('Nanatsu-No-Taizai-chap-315', 315, 3, '2019-12-01'),
('Nanatsu-No-Taizai-chap-316', 316, 3, '2019-12-01'),
('Nanatsu-No-Taizai-chap-317', 317, 3, '2019-12-01'),
('Nanatsu-No-Taizai-chap-318', 318, 3, '2019-12-01'),
('Nanatsu-No-Taizai-chap-319', 319, 3, '2019-12-01'),
('Nanatsu-No-Taizai-chap-32', 32, 3, '2019-12-01'),
('Nanatsu-No-Taizai-chap-320', 320, 3, '2019-12-01'),
('Nanatsu-No-Taizai-chap-321', 321, 3, '2019-12-01'),
('Nanatsu-No-Taizai-chap-322', 322, 3, '2019-12-01'),
('Nanatsu-No-Taizai-chap-323', 323, 3, '2019-12-01'),
('Nanatsu-No-Taizai-chap-324', 324, 3, '2019-12-01'),
('Nanatsu-No-Taizai-chap-325', 325, 3, '2019-12-01'),
('Nanatsu-No-Taizai-chap-326', 326, 3, '2019-12-01'),
('Nanatsu-No-Taizai-chap-327', 327, 3, '2019-12-01'),
('Nanatsu-No-Taizai-chap-328', 328, 3, '2019-12-01'),
('Nanatsu-No-Taizai-chap-329', 329, 3, '2019-12-01'),
('Nanatsu-No-Taizai-chap-33', 33, 3, '2019-12-01'),
('Nanatsu-No-Taizai-chap-330', 330, 3, '2019-12-01'),
('Nanatsu-No-Taizai-chap-331', 331, 3, '2019-12-01'),
('Nanatsu-No-Taizai-chap-332', 332, 3, '2019-12-01'),
('Nanatsu-No-Taizai-chap-333', 333, 3, '2019-12-01'),
('Nanatsu-No-Taizai-chap-334', 334, 3, '2019-12-01'),
('Nanatsu-No-Taizai-chap-34', 34, 3, '2019-12-01'),
('Nanatsu-No-Taizai-chap-35', 35, 3, '2019-12-01'),
('Nanatsu-No-Taizai-chap-36', 36, 3, '2019-12-01'),
('Nanatsu-No-Taizai-chap-37', 37, 3, '2019-12-01'),
('Nanatsu-No-Taizai-chap-38', 38, 3, '2019-12-01'),
('Nanatsu-No-Taizai-chap-39', 39, 3, '2019-12-01'),
('Nanatsu-No-Taizai-chap-4', 4, 3, '2019-12-01'),
('Nanatsu-No-Taizai-chap-40', 40, 3, '2019-12-01'),
('Nanatsu-No-Taizai-chap-41', 41, 3, '2019-12-01'),
('Nanatsu-No-Taizai-chap-42', 42, 3, '2019-12-01'),
('Nanatsu-No-Taizai-chap-43', 43, 3, '2019-12-01'),
('Nanatsu-No-Taizai-chap-44', 44, 3, '2019-12-01'),
('Nanatsu-No-Taizai-chap-45', 45, 3, '2019-12-01'),
('Nanatsu-No-Taizai-chap-46', 46, 3, '2019-12-01'),
('Nanatsu-No-Taizai-chap-47', 47, 3, '2019-12-01'),
('Nanatsu-No-Taizai-chap-48', 48, 3, '2019-12-01'),
('Nanatsu-No-Taizai-chap-49', 49, 3, '2019-12-01'),
('Nanatsu-No-Taizai-chap-5', 5, 3, '2019-12-01'),
('Nanatsu-No-Taizai-chap-50', 50, 3, '2019-12-01'),
('Nanatsu-No-Taizai-chap-51', 51, 3, '2019-12-01'),
('Nanatsu-No-Taizai-chap-52', 52, 3, '2019-12-01'),
('Nanatsu-No-Taizai-chap-53', 53, 3, '2019-12-01'),
('Nanatsu-No-Taizai-chap-54', 54, 3, '2019-12-01'),
('Nanatsu-No-Taizai-chap-55', 55, 3, '2019-12-01'),
('Nanatsu-No-Taizai-chap-56', 56, 3, '2019-12-01'),
('Nanatsu-No-Taizai-chap-57', 57, 3, '2019-12-01'),
('Nanatsu-No-Taizai-chap-58', 58, 3, '2019-12-01'),
('Nanatsu-No-Taizai-chap-59', 59, 3, '2019-12-01'),
('Nanatsu-No-Taizai-chap-6', 6, 3, '2019-12-01'),
('Nanatsu-No-Taizai-chap-60', 60, 3, '2019-12-01'),
('Nanatsu-No-Taizai-chap-61', 61, 3, '2019-12-01'),
('Nanatsu-No-Taizai-chap-62', 62, 3, '2019-12-01'),
('Nanatsu-No-Taizai-chap-63', 63, 3, '2019-12-01'),
('Nanatsu-No-Taizai-chap-64', 64, 3, '2019-12-01'),
('Nanatsu-No-Taizai-chap-65', 65, 3, '2019-12-01'),
('Nanatsu-No-Taizai-chap-66', 66, 3, '2019-12-01'),
('Nanatsu-No-Taizai-chap-67', 67, 3, '2019-12-01'),
('Nanatsu-No-Taizai-chap-68', 68, 3, '2019-12-01'),
('Nanatsu-No-Taizai-chap-69', 69, 3, '2019-12-01'),
('Nanatsu-No-Taizai-chap-7', 7, 3, '2019-12-01'),
('Nanatsu-No-Taizai-chap-70', 70, 3, '2019-12-01'),
('Nanatsu-No-Taizai-chap-71', 71, 3, '2019-12-01'),
('Nanatsu-No-Taizai-chap-72', 72, 3, '2019-12-01'),
('Nanatsu-No-Taizai-chap-73', 73, 3, '2019-12-01'),
('Nanatsu-No-Taizai-chap-74', 74, 3, '2019-12-01'),
('Nanatsu-No-Taizai-chap-75', 75, 3, '2019-12-01'),
('Nanatsu-No-Taizai-chap-76', 76, 3, '2019-12-01'),
('Nanatsu-No-Taizai-chap-77', 77, 3, '2019-12-01'),
('Nanatsu-No-Taizai-chap-78', 78, 3, '2019-12-01'),
('Nanatsu-No-Taizai-chap-79', 79, 3, '2019-12-01'),
('Nanatsu-No-Taizai-chap-8', 8, 3, '2019-12-01'),
('Nanatsu-No-Taizai-chap-80', 80, 3, '2019-12-01'),
('Nanatsu-No-Taizai-chap-81', 81, 3, '2019-12-01'),
('Nanatsu-No-Taizai-chap-82', 82, 3, '2019-12-01'),
('Nanatsu-No-Taizai-chap-83', 83, 3, '2019-12-01'),
('Nanatsu-No-Taizai-chap-84', 84, 3, '2019-12-01'),
('Nanatsu-No-Taizai-chap-85', 85, 3, '2019-12-01'),
('Nanatsu-No-Taizai-chap-86', 86, 3, '2019-12-01'),
('Nanatsu-No-Taizai-chap-87', 87, 3, '2019-12-01'),
('Nanatsu-No-Taizai-chap-88', 88, 3, '2019-12-01'),
('Nanatsu-No-Taizai-chap-89', 89, 3, '2019-12-01'),
('Nanatsu-No-Taizai-chap-9', 9, 3, '2019-12-01'),
('Nanatsu-No-Taizai-chap-90', 90, 3, '2019-12-01'),
('Nanatsu-No-Taizai-chap-91', 91, 3, '2019-12-01'),
('Nanatsu-No-Taizai-chap-92', 92, 3, '2019-12-01'),
('Nanatsu-No-Taizai-chap-93', 93, 3, '2019-12-01'),
('Nanatsu-No-Taizai-chap-94', 94, 3, '2019-12-01'),
('Nanatsu-No-Taizai-chap-95', 95, 3, '2019-12-01'),
('Nanatsu-No-Taizai-chap-96', 96, 3, '2019-12-01'),
('Nanatsu-No-Taizai-chap-97', 97, 3, '2019-12-01'),
('Nanatsu-No-Taizai-chap-98', 98, 3, '2019-12-01'),
('Nanatsu-No-Taizai-chap-99', 99, 3, '2019-12-01'),
('Naruto-chap-1', 1, 1, '2019-11-29'),
('Naruto-chap-10', 10, 1, '2019-11-29'),
('Naruto-chap-100', 100, 1, '2019-11-29'),
('Naruto-chap-101', 101, 1, '2019-11-29'),
('Naruto-chap-102', 102, 1, '2019-11-29'),
('Naruto-chap-103', 103, 1, '2019-11-29'),
('Naruto-chap-104', 104, 1, '2019-11-29'),
('Naruto-chap-105', 105, 1, '2019-11-29'),
('Naruto-chap-106', 106, 1, '2019-11-29'),
('Naruto-chap-107', 107, 1, '2019-11-29'),
('Naruto-chap-108', 108, 1, '2019-11-29'),
('Naruto-chap-109', 109, 1, '2019-11-29'),
('Naruto-chap-11', 11, 1, '2019-11-29'),
('Naruto-chap-110', 110, 1, '2019-11-29'),
('Naruto-chap-111', 111, 1, '2019-11-29'),
('Naruto-chap-112', 112, 1, '2019-11-29'),
('Naruto-chap-113', 113, 1, '2019-11-29'),
('Naruto-chap-114', 114, 1, '2019-11-29'),
('Naruto-chap-115', 115, 1, '2019-11-29'),
('Naruto-chap-116', 116, 1, '2019-11-29'),
('Naruto-chap-117', 117, 1, '2019-11-29'),
('Naruto-chap-118', 118, 1, '2019-11-29'),
('Naruto-chap-119', 119, 1, '2019-11-29'),
('Naruto-chap-12', 12, 1, '2019-11-29'),
('Naruto-chap-120', 120, 1, '2019-11-29'),
('Naruto-chap-121', 121, 1, '2019-11-29'),
('Naruto-chap-122', 122, 1, '2019-11-29'),
('Naruto-chap-123', 123, 1, '2019-11-29'),
('Naruto-chap-124', 124, 1, '2019-11-29'),
('Naruto-chap-125', 125, 1, '2019-11-29'),
('Naruto-chap-126', 126, 1, '2019-11-29'),
('Naruto-chap-127', 127, 1, '2019-11-29'),
('Naruto-chap-128', 128, 1, '2019-11-29'),
('Naruto-chap-129', 129, 1, '2019-11-29'),
('Naruto-chap-13', 13, 1, '2019-11-29'),
('Naruto-chap-130', 130, 1, '2019-11-29'),
('Naruto-chap-131', 131, 1, '2019-11-29'),
('Naruto-chap-132', 132, 1, '2019-11-29'),
('Naruto-chap-133', 133, 1, '2019-11-29'),
('Naruto-chap-134', 134, 1, '2019-11-29'),
('Naruto-chap-135', 135, 1, '2019-11-29'),
('Naruto-chap-136', 136, 1, '2019-11-29'),
('Naruto-chap-137', 137, 1, '2019-11-29'),
('Naruto-chap-138', 138, 1, '2019-11-29'),
('Naruto-chap-139', 139, 1, '2019-11-29'),
('Naruto-chap-14', 14, 1, '2019-11-29'),
('Naruto-chap-140', 140, 1, '2019-11-29'),
('Naruto-chap-141', 141, 1, '2019-11-29'),
('Naruto-chap-142', 142, 1, '2019-11-29'),
('Naruto-chap-143', 143, 1, '2019-11-29'),
('Naruto-chap-144', 144, 1, '2019-11-29'),
('Naruto-chap-145', 145, 1, '2019-11-29'),
('Naruto-chap-146', 146, 1, '2019-11-29'),
('Naruto-chap-147', 147, 1, '2019-11-29'),
('Naruto-chap-148', 148, 1, '2019-11-29'),
('Naruto-chap-149', 149, 1, '2019-11-29'),
('Naruto-chap-15', 15, 1, '2019-11-29'),
('Naruto-chap-150', 150, 1, '2019-11-29'),
('Naruto-chap-151', 151, 1, '2019-11-29'),
('Naruto-chap-152', 152, 1, '2019-11-29'),
('Naruto-chap-153', 153, 1, '2019-11-29'),
('Naruto-chap-154', 154, 1, '2019-11-29'),
('Naruto-chap-155', 155, 1, '2019-11-29'),
('Naruto-chap-156', 156, 1, '2019-11-29'),
('Naruto-chap-157', 157, 1, '2019-11-29'),
('Naruto-chap-158', 158, 1, '2019-11-29'),
('Naruto-chap-159', 159, 1, '2019-11-29'),
('Naruto-chap-16', 16, 1, '2019-11-29'),
('Naruto-chap-160', 160, 1, '2019-11-29'),
('Naruto-chap-161', 161, 1, '2019-11-29'),
('Naruto-chap-162', 162, 1, '2019-11-29'),
('Naruto-chap-163', 163, 1, '2019-11-29'),
('Naruto-chap-164', 164, 1, '2019-11-29'),
('Naruto-chap-165', 165, 1, '2019-11-29'),
('Naruto-chap-166', 166, 1, '2019-11-29'),
('Naruto-chap-167', 167, 1, '2019-11-29'),
('Naruto-chap-168', 168, 1, '2019-11-29'),
('Naruto-chap-169', 169, 1, '2019-11-29'),
('Naruto-chap-17', 17, 1, '2019-11-29'),
('Naruto-chap-170', 170, 1, '2019-11-29'),
('Naruto-chap-171', 171, 1, '2019-11-29'),
('Naruto-chap-172', 172, 1, '2019-11-29'),
('Naruto-chap-173', 173, 1, '2019-11-29'),
('Naruto-chap-174', 174, 1, '2019-11-29'),
('Naruto-chap-175', 175, 1, '2019-11-29'),
('Naruto-chap-176', 176, 1, '2019-11-29'),
('Naruto-chap-177', 177, 1, '2019-11-29'),
('Naruto-chap-178', 178, 1, '2019-11-29'),
('Naruto-chap-179', 179, 1, '2019-11-29'),
('Naruto-chap-18', 18, 1, '2019-11-29'),
('Naruto-chap-180', 180, 1, '2019-11-29'),
('Naruto-chap-181', 181, 1, '2019-11-29'),
('Naruto-chap-182', 182, 1, '2019-11-29'),
('Naruto-chap-183', 183, 1, '2019-11-29'),
('Naruto-chap-184', 184, 1, '2019-11-29'),
('Naruto-chap-185', 185, 1, '2019-11-29'),
('Naruto-chap-186', 186, 1, '2019-11-29'),
('Naruto-chap-187', 187, 1, '2019-11-29'),
('Naruto-chap-188', 188, 1, '2019-11-29'),
('Naruto-chap-189', 189, 1, '2019-11-29'),
('Naruto-chap-19', 19, 1, '2019-11-29'),
('Naruto-chap-190', 190, 1, '2019-11-29'),
('Naruto-chap-191', 191, 1, '2019-11-29'),
('Naruto-chap-192', 192, 1, '2019-11-29'),
('Naruto-chap-193', 193, 1, '2019-11-29'),
('Naruto-chap-194', 194, 1, '2019-11-29'),
('Naruto-chap-195', 195, 1, '2019-11-29'),
('Naruto-chap-196', 196, 1, '2019-11-29'),
('Naruto-chap-197', 197, 1, '2019-11-29'),
('Naruto-chap-198', 198, 1, '2019-11-29'),
('Naruto-chap-199', 199, 1, '2019-11-29'),
('Naruto-chap-2', 2, 1, '2019-11-29'),
('Naruto-chap-20', 20, 1, '2019-11-29'),
('Naruto-chap-200', 200, 1, '2019-11-29'),
('Naruto-chap-201', 201, 1, '2019-11-29'),
('Naruto-chap-202', 202, 1, '2019-11-29'),
('Naruto-chap-203', 203, 1, '2019-11-29'),
('Naruto-chap-204', 204, 1, '2019-11-29'),
('Naruto-chap-205', 205, 1, '2019-11-29'),
('Naruto-chap-206', 206, 1, '2019-11-29'),
('Naruto-chap-207', 207, 1, '2019-11-29'),
('Naruto-chap-208', 208, 1, '2019-11-29'),
('Naruto-chap-209', 209, 1, '2019-11-29'),
('Naruto-chap-21', 21, 1, '2019-11-29'),
('Naruto-chap-210', 210, 1, '2019-11-29'),
('Naruto-chap-211', 211, 1, '2019-11-29'),
('Naruto-chap-212', 212, 1, '2019-11-29'),
('Naruto-chap-213', 213, 1, '2019-11-29'),
('Naruto-chap-214', 214, 1, '2019-11-29'),
('Naruto-chap-215', 215, 1, '2019-11-29'),
('Naruto-chap-216', 216, 1, '2019-11-29'),
('Naruto-chap-217', 217, 1, '2019-11-29'),
('Naruto-chap-218', 218, 1, '2019-11-29'),
('Naruto-chap-219', 219, 1, '2019-11-29'),
('Naruto-chap-22', 22, 1, '2019-11-29'),
('Naruto-chap-220', 220, 1, '2019-11-29'),
('Naruto-chap-221', 221, 1, '2019-11-29'),
('Naruto-chap-222', 222, 1, '2019-11-29'),
('Naruto-chap-223', 223, 1, '2019-11-29'),
('Naruto-chap-224', 224, 1, '2019-11-29'),
('Naruto-chap-225', 225, 1, '2019-11-29'),
('Naruto-chap-226', 226, 1, '2019-11-29'),
('Naruto-chap-227', 227, 1, '2019-11-29'),
('Naruto-chap-228', 228, 1, '2019-11-29'),
('Naruto-chap-229', 229, 1, '2019-11-29'),
('Naruto-chap-23', 23, 1, '2019-11-29'),
('Naruto-chap-230', 230, 1, '2019-11-29'),
('Naruto-chap-231', 231, 1, '2019-11-29'),
('Naruto-chap-232', 232, 1, '2019-11-29'),
('Naruto-chap-233', 233, 1, '2019-11-29'),
('Naruto-chap-234', 234, 1, '2019-11-29'),
('Naruto-chap-235', 235, 1, '2019-11-29'),
('Naruto-chap-236', 236, 1, '2019-11-29'),
('Naruto-chap-237', 237, 1, '2019-11-29'),
('Naruto-chap-238', 238, 1, '2019-11-29'),
('Naruto-chap-239', 239, 1, '2019-11-29'),
('Naruto-chap-24', 24, 1, '2019-11-29'),
('Naruto-chap-240', 240, 1, '2019-11-29'),
('Naruto-chap-241', 241, 1, '2019-11-29'),
('Naruto-chap-242', 242, 1, '2019-11-29'),
('Naruto-chap-243', 243, 1, '2019-11-29'),
('Naruto-chap-244', 244, 1, '2019-11-29'),
('Naruto-chap-245', 245, 1, '2019-11-29'),
('Naruto-chap-246', 246, 1, '2019-11-29'),
('Naruto-chap-247', 247, 1, '2019-11-29'),
('Naruto-chap-248', 248, 1, '2019-11-29'),
('Naruto-chap-249', 249, 1, '2019-11-29'),
('Naruto-chap-25', 25, 1, '2019-11-29'),
('Naruto-chap-250', 250, 1, '2019-11-29'),
('Naruto-chap-251', 251, 1, '2019-11-29'),
('Naruto-chap-252', 252, 1, '2019-11-29'),
('Naruto-chap-253', 253, 1, '2019-11-29'),
('Naruto-chap-254', 254, 1, '2019-11-29'),
('Naruto-chap-255', 255, 1, '2019-11-29'),
('Naruto-chap-256', 256, 1, '2019-11-29'),
('Naruto-chap-257', 257, 1, '2019-11-29'),
('Naruto-chap-258', 258, 1, '2019-11-29'),
('Naruto-chap-259', 259, 1, '2019-11-29'),
('Naruto-chap-26', 26, 1, '2019-11-29'),
('Naruto-chap-260', 260, 1, '2019-11-29'),
('Naruto-chap-261', 261, 1, '2019-11-29'),
('Naruto-chap-262', 262, 1, '2019-11-29'),
('Naruto-chap-263', 263, 1, '2019-11-29'),
('Naruto-chap-264', 264, 1, '2019-11-29'),
('Naruto-chap-265', 265, 1, '2019-11-29'),
('Naruto-chap-266', 266, 1, '2019-11-29'),
('Naruto-chap-267', 267, 1, '2019-11-29'),
('Naruto-chap-268', 268, 1, '2019-11-29'),
('Naruto-chap-269', 269, 1, '2019-11-29'),
('Naruto-chap-27', 27, 1, '2019-11-29'),
('Naruto-chap-270', 270, 1, '2019-11-29'),
('Naruto-chap-271', 271, 1, '2019-11-29'),
('Naruto-chap-272', 272, 1, '2019-11-29'),
('Naruto-chap-273', 273, 1, '2019-11-29'),
('Naruto-chap-274', 274, 1, '2019-11-29'),
('Naruto-chap-275', 275, 1, '2019-11-29'),
('Naruto-chap-276', 276, 1, '2019-11-29'),
('Naruto-chap-277', 277, 1, '2019-11-29'),
('Naruto-chap-278', 278, 1, '2019-11-29'),
('Naruto-chap-279', 279, 1, '2019-11-29'),
('Naruto-chap-28', 28, 1, '2019-11-29'),
('Naruto-chap-280', 280, 1, '2019-11-29'),
('Naruto-chap-281', 281, 1, '2019-11-29'),
('Naruto-chap-282', 282, 1, '2019-11-29'),
('Naruto-chap-283', 283, 1, '2019-11-29'),
('Naruto-chap-284', 284, 1, '2019-11-29'),
('Naruto-chap-285', 285, 1, '2019-11-29'),
('Naruto-chap-286', 286, 1, '2019-11-29'),
('Naruto-chap-287', 287, 1, '2019-11-29'),
('Naruto-chap-288', 288, 1, '2019-11-29'),
('Naruto-chap-289', 289, 1, '2019-11-29'),
('Naruto-chap-29', 29, 1, '2019-11-29'),
('Naruto-chap-290', 290, 1, '2019-11-29'),
('Naruto-chap-291', 291, 1, '2019-11-29'),
('Naruto-chap-292', 292, 1, '2019-11-29'),
('Naruto-chap-293', 293, 1, '2019-11-29'),
('Naruto-chap-294', 294, 1, '2019-11-29'),
('Naruto-chap-295', 295, 1, '2019-11-29'),
('Naruto-chap-296', 296, 1, '2019-11-29'),
('Naruto-chap-297', 297, 1, '2019-11-29'),
('Naruto-chap-298', 298, 1, '2019-11-29'),
('Naruto-chap-299', 299, 1, '2019-11-29'),
('Naruto-chap-3', 3, 1, '2019-11-29'),
('Naruto-chap-30', 30, 1, '2019-11-29'),
('Naruto-chap-300', 300, 1, '2019-11-29'),
('Naruto-chap-301', 301, 1, '2019-11-29'),
('Naruto-chap-302', 302, 1, '2019-11-29'),
('Naruto-chap-303', 303, 1, '2019-11-29'),
('Naruto-chap-304', 304, 1, '2019-11-29'),
('Naruto-chap-305', 305, 1, '2019-11-29'),
('Naruto-chap-306', 306, 1, '2019-11-29'),
('Naruto-chap-307', 307, 1, '2019-11-29'),
('Naruto-chap-308', 308, 1, '2019-11-29'),
('Naruto-chap-309', 309, 1, '2019-11-29'),
('Naruto-chap-31', 31, 1, '2019-11-29'),
('Naruto-chap-310', 310, 1, '2019-11-29'),
('Naruto-chap-311', 311, 1, '2019-11-29'),
('Naruto-chap-312', 312, 1, '2019-11-29'),
('Naruto-chap-313', 313, 1, '2019-11-29'),
('Naruto-chap-314', 314, 1, '2019-11-29'),
('Naruto-chap-315', 315, 1, '2019-11-29'),
('Naruto-chap-316', 316, 1, '2019-11-29'),
('Naruto-chap-317', 317, 1, '2019-11-29'),
('Naruto-chap-318', 318, 1, '2019-11-29'),
('Naruto-chap-319', 319, 1, '2019-11-29'),
('Naruto-chap-32', 32, 1, '2019-11-29'),
('Naruto-chap-320', 320, 1, '2019-11-29'),
('Naruto-chap-321', 321, 1, '2019-11-29'),
('Naruto-chap-322', 322, 1, '2019-11-29'),
('Naruto-chap-323', 323, 1, '2019-11-29'),
('Naruto-chap-324', 324, 1, '2019-11-29'),
('Naruto-chap-325', 325, 1, '2019-11-29'),
('Naruto-chap-326', 326, 1, '2019-11-29'),
('Naruto-chap-327', 327, 1, '2019-11-29'),
('Naruto-chap-328', 328, 1, '2019-11-29'),
('Naruto-chap-329', 329, 1, '2019-11-29'),
('Naruto-chap-33', 33, 1, '2019-11-29'),
('Naruto-chap-330', 330, 1, '2019-11-29'),
('Naruto-chap-331', 331, 1, '2019-11-29'),
('Naruto-chap-332', 332, 1, '2019-11-29'),
('Naruto-chap-333', 333, 1, '2019-11-29'),
('Naruto-chap-334', 334, 1, '2019-11-29'),
('Naruto-chap-335', 335, 1, '2019-11-29'),
('Naruto-chap-336', 336, 1, '2019-11-29'),
('Naruto-chap-337', 337, 1, '2019-11-29'),
('Naruto-chap-338', 338, 1, '2019-11-29'),
('Naruto-chap-339', 339, 1, '2019-11-29'),
('Naruto-chap-34', 34, 1, '2019-11-29'),
('Naruto-chap-340', 340, 1, '2019-11-29'),
('Naruto-chap-341', 341, 1, '2019-11-29'),
('Naruto-chap-342', 342, 1, '2019-11-29'),
('Naruto-chap-343', 343, 1, '2019-11-29'),
('Naruto-chap-344', 344, 1, '2019-11-29'),
('Naruto-chap-345', 345, 1, '2019-11-29'),
('Naruto-chap-346', 346, 1, '2019-11-29'),
('Naruto-chap-347', 347, 1, '2019-11-29'),
('Naruto-chap-348', 348, 1, '2019-11-29'),
('Naruto-chap-349', 349, 1, '2019-11-29'),
('Naruto-chap-35', 35, 1, '2019-11-29'),
('Naruto-chap-350', 350, 1, '2019-11-29'),
('Naruto-chap-351', 351, 1, '2019-11-29'),
('Naruto-chap-352', 352, 1, '2019-11-29'),
('Naruto-chap-353', 353, 1, '2019-11-29'),
('Naruto-chap-354', 354, 1, '2019-11-29'),
('Naruto-chap-355', 355, 1, '2019-11-29'),
('Naruto-chap-356', 356, 1, '2019-11-29'),
('Naruto-chap-357', 357, 1, '2019-11-29'),
('Naruto-chap-358', 358, 1, '2019-11-29'),
('Naruto-chap-359', 359, 1, '2019-11-29'),
('Naruto-chap-36', 36, 1, '2019-11-29'),
('Naruto-chap-360', 360, 1, '2019-11-29'),
('Naruto-chap-361', 361, 1, '2019-11-29'),
('Naruto-chap-362', 362, 1, '2019-11-29'),
('Naruto-chap-363', 363, 1, '2019-11-29'),
('Naruto-chap-364', 364, 1, '2019-11-29'),
('Naruto-chap-365', 365, 1, '2019-11-29'),
('Naruto-chap-366', 366, 1, '2019-11-29'),
('Naruto-chap-367', 367, 1, '2019-11-29'),
('Naruto-chap-368', 368, 1, '2019-11-29'),
('Naruto-chap-369', 369, 1, '2019-11-29'),
('Naruto-chap-37', 37, 1, '2019-11-29'),
('Naruto-chap-370', 370, 1, '2019-11-29'),
('Naruto-chap-371', 371, 1, '2019-11-29'),
('Naruto-chap-372', 372, 1, '2019-11-29'),
('Naruto-chap-373', 373, 1, '2019-11-29'),
('Naruto-chap-374', 374, 1, '2019-11-29'),
('Naruto-chap-375', 375, 1, '2019-11-29'),
('Naruto-chap-376', 376, 1, '2019-11-29'),
('Naruto-chap-377', 377, 1, '2019-11-29'),
('Naruto-chap-378', 378, 1, '2019-11-29'),
('Naruto-chap-379', 379, 1, '2019-11-29'),
('Naruto-chap-38', 38, 1, '2019-11-29'),
('Naruto-chap-380', 380, 1, '2019-11-29'),
('Naruto-chap-381', 381, 1, '2019-11-29'),
('Naruto-chap-382', 382, 1, '2019-11-29'),
('Naruto-chap-383', 383, 1, '2019-11-29'),
('Naruto-chap-384', 384, 1, '2019-11-29'),
('Naruto-chap-385', 385, 1, '2019-11-29'),
('Naruto-chap-386', 386, 1, '2019-11-29'),
('Naruto-chap-387', 387, 1, '2019-11-29'),
('Naruto-chap-388', 388, 1, '2019-11-29'),
('Naruto-chap-389', 389, 1, '2019-11-29'),
('Naruto-chap-39', 39, 1, '2019-11-29'),
('Naruto-chap-390', 390, 1, '2019-11-29'),
('Naruto-chap-391', 391, 1, '2019-11-29'),
('Naruto-chap-392', 392, 1, '2019-11-29'),
('Naruto-chap-393', 393, 1, '2019-11-29'),
('Naruto-chap-394', 394, 1, '2019-11-29'),
('Naruto-chap-395', 395, 1, '2019-11-29'),
('Naruto-chap-396', 396, 1, '2019-11-29'),
('Naruto-chap-397', 397, 1, '2019-11-29'),
('Naruto-chap-398', 398, 1, '2019-11-29'),
('Naruto-chap-399', 399, 1, '2019-11-29'),
('Naruto-chap-4', 4, 1, '2019-11-29'),
('Naruto-chap-40', 40, 1, '2019-11-29'),
('Naruto-chap-400', 400, 1, '2019-11-29'),
('Naruto-chap-401', 401, 1, '2019-11-29'),
('Naruto-chap-402', 402, 1, '2019-11-29'),
('Naruto-chap-403', 403, 1, '2019-11-29'),
('Naruto-chap-404', 404, 1, '2019-11-29'),
('Naruto-chap-405', 405, 1, '2019-11-29'),
('Naruto-chap-406', 406, 1, '2019-11-29'),
('Naruto-chap-407', 407, 1, '2019-11-29'),
('Naruto-chap-408', 408, 1, '2019-11-29'),
('Naruto-chap-409', 409, 1, '2019-11-29'),
('Naruto-chap-41', 41, 1, '2019-11-29'),
('Naruto-chap-410', 410, 1, '2019-11-29'),
('Naruto-chap-411', 411, 1, '2019-11-29'),
('Naruto-chap-412', 412, 1, '2019-11-29'),
('Naruto-chap-413', 413, 1, '2019-11-29'),
('Naruto-chap-414', 414, 1, '2019-11-29'),
('Naruto-chap-415', 415, 1, '2019-11-29'),
('Naruto-chap-416', 416, 1, '2019-11-29'),
('Naruto-chap-417', 417, 1, '2019-11-29'),
('Naruto-chap-418', 418, 1, '2019-11-29'),
('Naruto-chap-419', 419, 1, '2019-11-29'),
('Naruto-chap-42', 42, 1, '2019-11-29'),
('Naruto-chap-420', 420, 1, '2019-11-29'),
('Naruto-chap-421', 421, 1, '2019-11-29'),
('Naruto-chap-422', 422, 1, '2019-11-29'),
('Naruto-chap-423', 423, 1, '2019-11-29'),
('Naruto-chap-424', 424, 1, '2019-11-29'),
('Naruto-chap-425', 425, 1, '2019-11-29'),
('Naruto-chap-426', 426, 1, '2019-11-29'),
('Naruto-chap-427', 427, 1, '2019-11-29'),
('Naruto-chap-428', 428, 1, '2019-11-29'),
('Naruto-chap-429', 429, 1, '2019-11-29'),
('Naruto-chap-43', 43, 1, '2019-11-29'),
('Naruto-chap-430', 430, 1, '2019-11-29'),
('Naruto-chap-431', 431, 1, '2019-11-29'),
('Naruto-chap-432', 432, 1, '2019-11-29'),
('Naruto-chap-433', 433, 1, '2019-11-29'),
('Naruto-chap-434', 434, 1, '2019-11-29'),
('Naruto-chap-435', 435, 1, '2019-11-29'),
('Naruto-chap-436', 436, 1, '2019-11-29'),
('Naruto-chap-437', 437, 1, '2019-11-29'),
('Naruto-chap-438', 438, 1, '2019-11-29'),
('Naruto-chap-439', 439, 1, '2019-11-29'),
('Naruto-chap-44', 44, 1, '2019-11-29'),
('Naruto-chap-440', 440, 1, '2019-11-29'),
('Naruto-chap-441', 441, 1, '2019-11-29'),
('Naruto-chap-442', 442, 1, '2019-11-29'),
('Naruto-chap-443', 443, 1, '2019-11-29'),
('Naruto-chap-444', 444, 1, '2019-11-29'),
('Naruto-chap-445', 445, 1, '2019-11-29'),
('Naruto-chap-446', 446, 1, '2019-11-29'),
('Naruto-chap-447', 447, 1, '2019-11-29'),
('Naruto-chap-448', 448, 1, '2019-11-29'),
('Naruto-chap-449', 449, 1, '2019-11-29'),
('Naruto-chap-45', 45, 1, '2019-11-29'),
('Naruto-chap-450', 450, 1, '2019-11-29'),
('Naruto-chap-451', 451, 1, '2019-11-29'),
('Naruto-chap-452', 452, 1, '2019-11-29'),
('Naruto-chap-453', 453, 1, '2019-11-29'),
('Naruto-chap-454', 454, 1, '2019-11-29'),
('Naruto-chap-455', 455, 1, '2019-11-29'),
('Naruto-chap-456', 456, 1, '2019-11-29'),
('Naruto-chap-457', 457, 1, '2019-11-29'),
('Naruto-chap-458', 458, 1, '2019-11-29'),
('Naruto-chap-459', 459, 1, '2019-11-29'),
('Naruto-chap-46', 46, 1, '2019-11-29'),
('Naruto-chap-460', 460, 1, '2019-11-29'),
('Naruto-chap-461', 461, 1, '2019-11-29'),
('Naruto-chap-462', 462, 1, '2019-11-29'),
('Naruto-chap-463', 463, 1, '2019-11-29'),
('Naruto-chap-464', 464, 1, '2019-11-29'),
('Naruto-chap-465', 465, 1, '2019-11-29'),
('Naruto-chap-466', 466, 1, '2019-11-29'),
('Naruto-chap-467', 467, 1, '2019-11-29'),
('Naruto-chap-468', 468, 1, '2019-11-29'),
('Naruto-chap-469', 469, 1, '2019-11-29'),
('Naruto-chap-47', 47, 1, '2019-11-29'),
('Naruto-chap-470', 470, 1, '2019-11-29'),
('Naruto-chap-471', 471, 1, '2019-11-29'),
('Naruto-chap-472', 472, 1, '2019-11-29'),
('Naruto-chap-473', 473, 1, '2019-11-29'),
('Naruto-chap-474', 474, 1, '2019-11-29'),
('Naruto-chap-475', 475, 1, '2019-11-29'),
('Naruto-chap-476', 476, 1, '2019-11-29'),
('Naruto-chap-477', 477, 1, '2019-11-29'),
('Naruto-chap-478', 478, 1, '2019-11-29'),
('Naruto-chap-479', 479, 1, '2019-11-29'),
('Naruto-chap-48', 48, 1, '2019-11-29'),
('Naruto-chap-480', 480, 1, '2019-11-29'),
('Naruto-chap-481', 481, 1, '2019-11-29'),
('Naruto-chap-482', 482, 1, '2019-11-29'),
('Naruto-chap-483', 483, 1, '2019-11-29'),
('Naruto-chap-484', 484, 1, '2019-11-29'),
('Naruto-chap-485', 485, 1, '2019-11-29'),
('Naruto-chap-486', 486, 1, '2019-11-29'),
('Naruto-chap-487', 487, 1, '2019-11-29'),
('Naruto-chap-488', 488, 1, '2019-11-29'),
('Naruto-chap-489', 489, 1, '2019-11-29'),
('Naruto-chap-49', 49, 1, '2019-11-29'),
('Naruto-chap-490', 490, 1, '2019-11-29'),
('Naruto-chap-491', 491, 1, '2019-11-29'),
('Naruto-chap-492', 492, 1, '2019-11-29'),
('Naruto-chap-493', 493, 1, '2019-11-29'),
('Naruto-chap-494', 494, 1, '2019-11-29'),
('Naruto-chap-495', 495, 1, '2019-11-29'),
('Naruto-chap-496', 496, 1, '2019-11-29'),
('Naruto-chap-497', 497, 1, '2019-11-29'),
('Naruto-chap-498', 498, 1, '2019-11-29'),
('Naruto-chap-499', 499, 1, '2019-11-29'),
('Naruto-chap-5', 5, 1, '2019-11-29'),
('Naruto-chap-50', 50, 1, '2019-11-29'),
('Naruto-chap-500', 500, 1, '2019-11-29'),
('Naruto-chap-501', 501, 1, '2019-11-29'),
('Naruto-chap-502', 502, 1, '2019-11-29'),
('Naruto-chap-503', 503, 1, '2019-11-29'),
('Naruto-chap-504', 504, 1, '2019-11-29'),
('Naruto-chap-505', 505, 1, '2019-11-29'),
('Naruto-chap-506', 506, 1, '2019-11-29'),
('Naruto-chap-507', 507, 1, '2019-11-29'),
('Naruto-chap-508', 508, 1, '2019-11-29'),
('Naruto-chap-509', 509, 1, '2019-11-29'),
('Naruto-chap-51', 51, 1, '2019-11-29'),
('Naruto-chap-510', 510, 1, '2019-11-29'),
('Naruto-chap-511', 511, 1, '2019-11-29'),
('Naruto-chap-512', 512, 1, '2019-11-29'),
('Naruto-chap-513', 513, 1, '2019-11-29'),
('Naruto-chap-514', 514, 1, '2019-11-29'),
('Naruto-chap-515', 515, 1, '2019-11-29'),
('Naruto-chap-516', 516, 1, '2019-11-29'),
('Naruto-chap-517', 517, 1, '2019-11-29'),
('Naruto-chap-518', 518, 1, '2019-11-29'),
('Naruto-chap-519', 519, 1, '2019-11-29'),
('Naruto-chap-52', 52, 1, '2019-11-29'),
('Naruto-chap-520', 520, 1, '2019-11-29'),
('Naruto-chap-521', 521, 1, '2019-11-29'),
('Naruto-chap-522', 522, 1, '2019-11-29'),
('Naruto-chap-523', 523, 1, '2019-11-29'),
('Naruto-chap-524', 524, 1, '2019-11-29'),
('Naruto-chap-525', 525, 1, '2019-11-29'),
('Naruto-chap-526', 526, 1, '2019-11-29'),
('Naruto-chap-527', 527, 1, '2019-11-29'),
('Naruto-chap-528', 528, 1, '2019-11-29'),
('Naruto-chap-529', 529, 1, '2019-11-29'),
('Naruto-chap-53', 53, 1, '2019-11-29'),
('Naruto-chap-530', 530, 1, '2019-11-29'),
('Naruto-chap-531', 531, 1, '2019-11-29'),
('Naruto-chap-532', 532, 1, '2019-11-29'),
('Naruto-chap-533', 533, 1, '2019-11-29'),
('Naruto-chap-534', 534, 1, '2019-11-29'),
('Naruto-chap-535', 535, 1, '2019-11-29'),
('Naruto-chap-536', 536, 1, '2019-11-29'),
('Naruto-chap-537', 537, 1, '2019-11-29'),
('Naruto-chap-538', 538, 1, '2019-11-29'),
('Naruto-chap-539', 539, 1, '2019-11-29'),
('Naruto-chap-54', 54, 1, '2019-11-29'),
('Naruto-chap-540', 540, 1, '2019-11-29'),
('Naruto-chap-541', 541, 1, '2019-11-29'),
('Naruto-chap-542', 542, 1, '2019-11-29'),
('Naruto-chap-543', 543, 1, '2019-11-29'),
('Naruto-chap-544', 544, 1, '2019-11-29'),
('Naruto-chap-545', 545, 1, '2019-11-29'),
('Naruto-chap-546', 546, 1, '2019-11-29'),
('Naruto-chap-547', 547, 1, '2019-11-29'),
('Naruto-chap-548', 548, 1, '2019-11-29'),
('Naruto-chap-549', 549, 1, '2019-11-29'),
('Naruto-chap-55', 55, 1, '2019-11-29'),
('Naruto-chap-550', 550, 1, '2019-11-29'),
('Naruto-chap-551', 551, 1, '2019-11-29'),
('Naruto-chap-552', 552, 1, '2019-11-29'),
('Naruto-chap-553', 553, 1, '2019-11-29'),
('Naruto-chap-554', 554, 1, '2019-11-29'),
('Naruto-chap-555', 555, 1, '2019-11-29'),
('Naruto-chap-556', 556, 1, '2019-11-29'),
('Naruto-chap-557', 557, 1, '2019-11-29'),
('Naruto-chap-558', 558, 1, '2019-11-29'),
('Naruto-chap-559', 559, 1, '2019-11-29'),
('Naruto-chap-56', 56, 1, '2019-11-29'),
('Naruto-chap-560', 560, 1, '2019-11-29'),
('Naruto-chap-561', 561, 1, '2019-11-29'),
('Naruto-chap-562', 562, 1, '2019-11-29'),
('Naruto-chap-563', 563, 1, '2019-11-29'),
('Naruto-chap-564', 564, 1, '2019-11-29'),
('Naruto-chap-565', 565, 1, '2019-11-29'),
('Naruto-chap-566', 566, 1, '2019-11-29'),
('Naruto-chap-567', 567, 1, '2019-11-29'),
('Naruto-chap-568', 568, 1, '2019-11-29'),
('Naruto-chap-569', 569, 1, '2019-11-29'),
('Naruto-chap-57', 57, 1, '2019-11-29'),
('Naruto-chap-570', 570, 1, '2019-11-29'),
('Naruto-chap-571', 571, 1, '2019-11-29'),
('Naruto-chap-572', 572, 1, '2019-11-29'),
('Naruto-chap-573', 573, 1, '2019-11-29'),
('Naruto-chap-574', 574, 1, '2019-11-29'),
('Naruto-chap-575', 575, 1, '2019-11-29'),
('Naruto-chap-576', 576, 1, '2019-11-29'),
('Naruto-chap-577', 577, 1, '2019-11-29'),
('Naruto-chap-578', 578, 1, '2019-11-29'),
('Naruto-chap-579', 579, 1, '2019-11-29'),
('Naruto-chap-58', 58, 1, '2019-11-29'),
('Naruto-chap-580', 580, 1, '2019-11-29'),
('Naruto-chap-581', 581, 1, '2019-11-29'),
('Naruto-chap-582', 582, 1, '2019-11-29'),
('Naruto-chap-583', 583, 1, '2019-11-29'),
('Naruto-chap-584', 584, 1, '2019-11-29'),
('Naruto-chap-585', 585, 1, '2019-11-29'),
('Naruto-chap-586', 586, 1, '2019-11-29'),
('Naruto-chap-587', 587, 1, '2019-11-29'),
('Naruto-chap-588', 588, 1, '2019-11-29'),
('Naruto-chap-589', 589, 1, '2019-11-29'),
('Naruto-chap-59', 59, 1, '2019-11-29'),
('Naruto-chap-590', 590, 1, '2019-11-29'),
('Naruto-chap-591', 591, 1, '2019-11-29'),
('Naruto-chap-592', 592, 1, '2019-11-29'),
('Naruto-chap-593', 593, 1, '2019-11-29'),
('Naruto-chap-594', 594, 1, '2019-11-29'),
('Naruto-chap-595', 595, 1, '2019-11-29'),
('Naruto-chap-596', 596, 1, '2019-11-29'),
('Naruto-chap-597', 597, 1, '2019-11-29'),
('Naruto-chap-598', 598, 1, '2019-11-29'),
('Naruto-chap-599', 599, 1, '2019-11-29'),
('Naruto-chap-6', 6, 1, '2019-11-29'),
('Naruto-chap-60', 60, 1, '2019-11-29'),
('Naruto-chap-600', 600, 1, '2019-11-29'),
('Naruto-chap-601', 601, 1, '2019-11-29'),
('Naruto-chap-602', 602, 1, '2019-11-29'),
('Naruto-chap-603', 603, 1, '2019-11-29'),
('Naruto-chap-604', 604, 1, '2019-11-29'),
('Naruto-chap-605', 605, 1, '2019-11-29'),
('Naruto-chap-606', 606, 1, '2019-11-29'),
('Naruto-chap-607', 607, 1, '2019-11-29'),
('Naruto-chap-608', 608, 1, '2019-11-29'),
('Naruto-chap-609', 609, 1, '2019-11-29'),
('Naruto-chap-61', 61, 1, '2019-11-29'),
('Naruto-chap-610', 610, 1, '2019-11-29'),
('Naruto-chap-611', 611, 1, '2019-11-29'),
('Naruto-chap-612', 612, 1, '2019-11-29'),
('Naruto-chap-613', 613, 1, '2019-11-29'),
('Naruto-chap-614', 614, 1, '2019-11-29'),
('Naruto-chap-615', 615, 1, '2019-11-29'),
('Naruto-chap-616', 616, 1, '2019-11-29'),
('Naruto-chap-617', 617, 1, '2019-11-29'),
('Naruto-chap-618', 618, 1, '2019-11-29'),
('Naruto-chap-619', 619, 1, '2019-11-29'),
('Naruto-chap-62', 62, 1, '2019-11-29'),
('Naruto-chap-620', 620, 1, '2019-11-29'),
('Naruto-chap-621', 621, 1, '2019-11-29'),
('Naruto-chap-622', 622, 1, '2019-11-29'),
('Naruto-chap-623', 623, 1, '2019-11-29'),
('Naruto-chap-624', 624, 1, '2019-11-29'),
('Naruto-chap-625', 625, 1, '2019-11-29'),
('Naruto-chap-626', 626, 1, '2019-11-29'),
('Naruto-chap-627', 627, 1, '2019-11-29'),
('Naruto-chap-628', 628, 1, '2019-11-29'),
('Naruto-chap-629', 629, 1, '2019-11-29'),
('Naruto-chap-63', 63, 1, '2019-11-29'),
('Naruto-chap-630', 630, 1, '2019-11-29'),
('Naruto-chap-631', 631, 1, '2019-11-29'),
('Naruto-chap-632', 632, 1, '2019-11-29'),
('Naruto-chap-633', 633, 1, '2019-11-29'),
('Naruto-chap-634', 634, 1, '2019-11-29'),
('Naruto-chap-635', 635, 1, '2019-11-29'),
('Naruto-chap-636', 636, 1, '2019-11-29'),
('Naruto-chap-637', 637, 1, '2019-11-29'),
('Naruto-chap-638', 638, 1, '2019-11-29'),
('Naruto-chap-639', 639, 1, '2019-11-29'),
('Naruto-chap-64', 64, 1, '2019-11-29'),
('Naruto-chap-640', 640, 1, '2019-11-29'),
('Naruto-chap-641', 641, 1, '2019-11-29'),
('Naruto-chap-642', 642, 1, '2019-11-29'),
('Naruto-chap-643', 643, 1, '2019-11-29'),
('Naruto-chap-644', 644, 1, '2019-11-29'),
('Naruto-chap-645', 645, 1, '2019-11-29'),
('Naruto-chap-646', 646, 1, '2019-11-29'),
('Naruto-chap-647', 647, 1, '2019-11-29'),
('Naruto-chap-648', 648, 1, '2019-11-29'),
('Naruto-chap-649', 649, 1, '2019-11-29'),
('Naruto-chap-65', 65, 1, '2019-11-29'),
('Naruto-chap-650', 650, 1, '2019-11-29'),
('Naruto-chap-651', 651, 1, '2019-11-29'),
('Naruto-chap-652', 652, 1, '2019-11-29'),
('Naruto-chap-653', 653, 1, '2019-11-29'),
('Naruto-chap-654', 654, 1, '2019-11-29'),
('Naruto-chap-655', 655, 1, '2019-11-29'),
('Naruto-chap-656', 656, 1, '2019-11-29'),
('Naruto-chap-657', 657, 1, '2019-11-29'),
('Naruto-chap-658', 658, 1, '2019-11-29'),
('Naruto-chap-659', 659, 1, '2019-11-29'),
('Naruto-chap-66', 66, 1, '2019-11-29'),
('Naruto-chap-660', 660, 1, '2019-11-29'),
('Naruto-chap-661', 661, 1, '2019-11-29'),
('Naruto-chap-662', 662, 1, '2019-11-29'),
('Naruto-chap-663', 663, 1, '2019-11-29'),
('Naruto-chap-664', 664, 1, '2019-11-29'),
('Naruto-chap-665', 665, 1, '2019-11-29'),
('Naruto-chap-666', 666, 1, '2019-11-29'),
('Naruto-chap-667', 667, 1, '2019-11-29'),
('Naruto-chap-668', 668, 1, '2019-11-29'),
('Naruto-chap-669', 669, 1, '2019-11-29'),
('Naruto-chap-67', 67, 1, '2019-11-29'),
('Naruto-chap-670', 670, 1, '2019-11-29'),
('Naruto-chap-671', 671, 1, '2019-11-29'),
('Naruto-chap-672', 672, 1, '2019-11-29'),
('Naruto-chap-673', 673, 1, '2019-11-29'),
('Naruto-chap-674', 674, 1, '2019-11-29'),
('Naruto-chap-675', 675, 1, '2019-11-29'),
('Naruto-chap-676', 676, 1, '2019-11-29'),
('Naruto-chap-677', 677, 1, '2019-11-29'),
('Naruto-chap-678', 678, 1, '2019-11-29'),
('Naruto-chap-679', 679, 1, '2019-11-29'),
('Naruto-chap-68', 68, 1, '2019-11-29'),
('Naruto-chap-680', 680, 1, '2019-11-29'),
('Naruto-chap-681', 681, 1, '2019-11-29'),
('Naruto-chap-682', 682, 1, '2019-11-29'),
('Naruto-chap-683', 683, 1, '2019-11-29'),
('Naruto-chap-684', 684, 1, '2019-11-29'),
('Naruto-chap-685', 685, 1, '2019-11-29'),
('Naruto-chap-686', 686, 1, '2019-11-29'),
('Naruto-chap-687', 687, 1, '2019-11-29'),
('Naruto-chap-688', 688, 1, '2019-11-29'),
('Naruto-chap-689', 689, 1, '2019-11-29'),
('Naruto-chap-69', 69, 1, '2019-11-29'),
('Naruto-chap-690', 690, 1, '2019-11-29'),
('Naruto-chap-691', 691, 1, '2019-11-29'),
('Naruto-chap-692', 692, 1, '2019-11-29'),
('Naruto-chap-693', 693, 1, '2019-11-29'),
('Naruto-chap-694', 694, 1, '2019-11-29'),
('Naruto-chap-695', 695, 1, '2019-11-29'),
('Naruto-chap-696', 696, 1, '2019-11-29'),
('Naruto-chap-697', 697, 1, '2019-11-29'),
('Naruto-chap-698', 698, 1, '2019-11-29'),
('Naruto-chap-699', 699, 1, '2019-11-29'),
('Naruto-chap-7', 7, 1, '2019-11-29'),
('Naruto-chap-70', 70, 1, '2019-11-29'),
('Naruto-chap-700', 700, 1, '2019-11-29'),
('Naruto-chap-71', 71, 1, '2019-11-29'),
('Naruto-chap-72', 72, 1, '2019-11-29'),
('Naruto-chap-73', 73, 1, '2019-11-29'),
('Naruto-chap-74', 74, 1, '2019-11-29'),
('Naruto-chap-75', 75, 1, '2019-11-29'),
('Naruto-chap-76', 76, 1, '2019-11-29'),
('Naruto-chap-77', 77, 1, '2019-11-29'),
('Naruto-chap-78', 78, 1, '2019-11-29'),
('Naruto-chap-79', 79, 1, '2019-11-29'),
('Naruto-chap-8', 8, 1, '2019-11-29'),
('Naruto-chap-80', 80, 1, '2019-11-29'),
('Naruto-chap-81', 81, 1, '2019-11-29'),
('Naruto-chap-82', 82, 1, '2019-11-29'),
('Naruto-chap-83', 83, 1, '2019-11-29'),
('Naruto-chap-84', 84, 1, '2019-11-29'),
('Naruto-chap-85', 85, 1, '2019-11-29'),
('Naruto-chap-86', 86, 1, '2019-11-29'),
('Naruto-chap-87', 87, 1, '2019-11-29'),
('Naruto-chap-88', 88, 1, '2019-11-29'),
('Naruto-chap-89', 89, 1, '2019-11-29'),
('Naruto-chap-9', 9, 1, '2019-11-29'),
('Naruto-chap-90', 90, 1, '2019-11-29'),
('Naruto-chap-91', 91, 1, '2019-11-29'),
('Naruto-chap-92', 92, 1, '2019-11-29'),
('Naruto-chap-93', 93, 1, '2019-11-29'),
('Naruto-chap-94', 94, 1, '2019-11-29'),
('Naruto-chap-95', 95, 1, '2019-11-29'),
('Naruto-chap-96', 96, 1, '2019-11-29'),
('Naruto-chap-97', 97, 1, '2019-11-29'),
('Naruto-chap-98', 98, 1, '2019-11-29'),
('Naruto-chap-99', 99, 1, '2019-11-29'),
('Naruto-gaiden-chap-1', 1, 8, NULL),
('Naruto-gaiden-chap-10', 10, 8, '2019-12-01'),
('Naruto-gaiden-chap-11', 11, 10, '2019-12-01'),
('Naruto-gaiden-chap-12', 12, 10, '2019-12-01'),
('Naruto-gaiden-chap-13', 13, 10, '2019-12-01'),
('Naruto-gaiden-chap-14', 14, 10, '2019-12-01'),
('Naruto-gaiden-chap-15', 15, 10, '2019-12-01'),
('Naruto-gaiden-chap-16', 16, 10, '2019-12-01'),
('Naruto-gaiden-chap-17', 17, 10, '2019-12-01'),
('Naruto-gaiden-chap-18', 18, 10, '2019-12-01'),
('Naruto-gaiden-chap-19', 19, 10, '2019-12-01'),
('Naruto-gaiden-chap-2', 2, 8, '2019-12-01'),
('Naruto-gaiden-chap-20', 20, 10, '2019-12-01'),
('Naruto-gaiden-chap-21', 21, 10, '2019-12-01'),
('Naruto-gaiden-chap-22', 22, 10, '2019-12-01'),
('Naruto-gaiden-chap-23', 23, 10, '2019-12-01'),
('Naruto-gaiden-chap-24', 24, 10, '2019-12-01'),
('Naruto-gaiden-chap-25', 25, 10, '2019-12-01'),
('Naruto-gaiden-chap-26', 26, 10, '2019-12-01'),
('Naruto-gaiden-chap-27', 27, 10, '2019-12-01'),
('Naruto-gaiden-chap-28', 28, 10, '2019-12-01'),
('Naruto-gaiden-chap-29', 29, 10, '2019-12-01'),
('Naruto-gaiden-chap-3', 3, 8, '2019-12-01'),
('Naruto-gaiden-chap-30', 30, 10, '2019-12-01'),
('Naruto-gaiden-chap-31', 31, 10, '2019-12-01'),
('Naruto-gaiden-chap-32', 32, 10, '2019-12-01'),
('Naruto-gaiden-chap-33', 33, 10, '2019-12-01'),
('Naruto-gaiden-chap-34', 34, 10, '2019-12-01'),
('Naruto-gaiden-chap-35', 35, 10, '2019-12-01'),
('Naruto-gaiden-chap-36', 36, 10, '2019-12-01'),
('Naruto-gaiden-chap-37', 37, 10, '2019-12-01'),
('Naruto-gaiden-chap-38', 38, 10, '2019-12-01'),
('Naruto-gaiden-chap-39', 39, 10, '2019-12-01'),
('Naruto-gaiden-chap-4', 4, 8, '2019-12-01'),
('Naruto-gaiden-chap-40', 40, 10, '2019-12-01'),
('Naruto-gaiden-chap-41', 41, 10, '2019-12-01'),
('Naruto-gaiden-chap-42', 42, 10, '2019-12-01'),
('Naruto-gaiden-chap-43', 43, 10, '2019-12-01'),
('Naruto-gaiden-chap-44', 44, 10, '2019-12-01'),
('Naruto-gaiden-chap-45', 45, 10, '2019-12-01'),
('Naruto-gaiden-chap-46', 46, 10, '2019-12-01'),
('Naruto-gaiden-chap-47', 47, 10, '2019-12-01'),
('Naruto-gaiden-chap-48', 48, 10, '2019-12-01'),
('Naruto-gaiden-chap-49', 49, 10, '2019-12-01'),
('Naruto-gaiden-chap-5', 5, 8, '2019-12-01'),
('Naruto-gaiden-chap-50', 50, 10, '2019-12-01'),
('Naruto-gaiden-chap-51', 51, 10, '2019-12-01'),
('Naruto-gaiden-chap-52', 52, 10, '2019-12-01'),
('Naruto-gaiden-chap-53', 53, 10, '2019-12-01'),
('Naruto-gaiden-chap-54', 54, 10, '2019-12-01'),
('Naruto-gaiden-chap-55', 55, 10, '2019-12-01'),
('Naruto-gaiden-chap-56', 56, 10, '2019-12-01'),
('Naruto-gaiden-chap-57', 57, 10, '2019-12-01'),
('Naruto-gaiden-chap-58', 58, 10, '2019-12-01'),
('Naruto-gaiden-chap-6', 6, 8, '2019-12-01'),
('Naruto-gaiden-chap-7', 7, 8, '2019-12-01'),
('Naruto-gaiden-chap-8', 8, 8, '2019-12-01'),
('Naruto-gaiden-chap-9', 9, 8, '2019-12-01'),
('The-promised-neverland-chap-1', 1, 4, '2019-12-01'),
('The-promised-neverland-chap-10', 10, 4, '2019-12-01'),
('The-promised-neverland-chap-100', 100, 4, '2019-12-01'),
('The-promised-neverland-chap-101', 101, 4, '2019-12-01'),
('The-promised-neverland-chap-102', 102, 4, '2019-12-01'),
('The-promised-neverland-chap-103', 103, 4, '2019-12-01'),
('The-promised-neverland-chap-104', 104, 4, '2019-12-01'),
('The-promised-neverland-chap-105', 105, 4, '2019-12-01'),
('The-promised-neverland-chap-106', 106, 4, '2019-12-01'),
('The-promised-neverland-chap-107', 107, 4, '2019-12-01'),
('The-promised-neverland-chap-108', 108, 4, '2019-12-01'),
('The-promised-neverland-chap-109', 109, 4, '2019-12-01'),
('The-promised-neverland-chap-11', 11, 4, '2019-12-01'),
('The-promised-neverland-chap-110', 110, 4, '2019-12-01'),
('The-promised-neverland-chap-111', 111, 4, '2019-12-01'),
('The-promised-neverland-chap-112', 112, 4, '2019-12-01'),
('The-promised-neverland-chap-113', 113, 4, '2019-12-01'),
('The-promised-neverland-chap-114', 114, 4, '2019-12-01'),
('The-promised-neverland-chap-115', 115, 4, '2019-12-01'),
('The-promised-neverland-chap-116', 116, 4, '2019-12-01'),
('The-promised-neverland-chap-117', 117, 4, '2019-12-01'),
('The-promised-neverland-chap-118', 118, 4, '2019-12-01'),
('The-promised-neverland-chap-119', 119, 4, '2019-12-01'),
('The-promised-neverland-chap-12', 12, 4, '2019-12-01'),
('The-promised-neverland-chap-120', 120, 4, '2019-12-01'),
('The-promised-neverland-chap-121', 121, 4, '2019-12-01'),
('The-promised-neverland-chap-122', 122, 4, '2019-12-01'),
('The-promised-neverland-chap-123', 123, 4, '2019-12-01'),
('The-promised-neverland-chap-124', 124, 4, '2019-12-01'),
('The-promised-neverland-chap-125', 125, 4, '2019-12-01'),
('The-promised-neverland-chap-126', 126, 4, '2019-12-01'),
('The-promised-neverland-chap-127', 127, 4, '2019-12-01'),
('The-promised-neverland-chap-128', 128, 4, '2019-12-01'),
('The-promised-neverland-chap-129', 129, 4, '2019-12-01'),
('The-promised-neverland-chap-13', 13, 4, '2019-12-01'),
('The-promised-neverland-chap-130', 130, 4, '2019-12-01'),
('The-promised-neverland-chap-131', 131, 4, '2019-12-01'),
('The-promised-neverland-chap-132', 132, 4, '2019-12-01'),
('The-promised-neverland-chap-133', 133, 4, '2019-12-01'),
('The-promised-neverland-chap-134', 134, 4, '2019-12-01'),
('The-promised-neverland-chap-135', 135, 4, '2019-12-01'),
('The-promised-neverland-chap-136', 136, 4, '2019-12-01'),
('The-promised-neverland-chap-137', 137, 4, '2019-12-01'),
('The-promised-neverland-chap-138', 138, 4, '2019-12-01'),
('The-promised-neverland-chap-139', 139, 4, '2019-12-01'),
('The-promised-neverland-chap-14', 14, 4, '2019-12-01'),
('The-promised-neverland-chap-140', 140, 4, '2019-12-01'),
('The-promised-neverland-chap-141', 141, 4, '2019-12-01'),
('The-promised-neverland-chap-142', 142, 4, '2019-12-01'),
('The-promised-neverland-chap-143', 143, 4, '2019-12-01'),
('The-promised-neverland-chap-144', 144, 4, '2019-12-01'),
('The-promised-neverland-chap-145', 145, 4, '2019-12-01'),
('The-promised-neverland-chap-146', 146, 4, '2019-12-01'),
('The-promised-neverland-chap-147', 147, 4, '2019-12-01'),
('The-promised-neverland-chap-148', 148, 4, '2019-12-01'),
('The-promised-neverland-chap-149', 149, 4, '2019-12-01'),
('The-promised-neverland-chap-15', 15, 4, '2019-12-01'),
('The-promised-neverland-chap-150', 150, 4, '2019-12-01'),
('The-promised-neverland-chap-151', 151, 4, '2019-12-01'),
('The-promised-neverland-chap-152', 152, 4, '2019-12-01'),
('The-promised-neverland-chap-153', 153, 4, '2019-12-01'),
('The-promised-neverland-chap-154', 154, 4, '2019-12-01'),
('The-promised-neverland-chap-155', 155, 4, '2019-12-01'),
('The-promised-neverland-chap-156', 156, 4, '2019-12-01'),
('The-promised-neverland-chap-157', 157, 4, '2019-12-01'),
('The-promised-neverland-chap-158', 158, 4, '2019-12-01'),
('The-promised-neverland-chap-159', 159, 4, '2019-12-01'),
('The-promised-neverland-chap-16', 16, 4, '2019-12-01'),
('The-promised-neverland-chap-17', 17, 4, '2019-12-01'),
('The-promised-neverland-chap-18', 18, 4, '2019-12-01'),
('The-promised-neverland-chap-19', 19, 4, '2019-12-01'),
('The-promised-neverland-chap-2', 2, 4, '2019-12-01'),
('The-promised-neverland-chap-20', 20, 4, '2019-12-01'),
('The-promised-neverland-chap-21', 21, 4, '2019-12-01'),
('The-promised-neverland-chap-22', 22, 4, '2019-12-01'),
('The-promised-neverland-chap-23', 23, 4, '2019-12-01'),
('The-promised-neverland-chap-24', 24, 4, '2019-12-01'),
('The-promised-neverland-chap-25', 25, 4, '2019-12-01'),
('The-promised-neverland-chap-26', 26, 4, '2019-12-01'),
('The-promised-neverland-chap-27', 27, 4, '2019-12-01'),
('The-promised-neverland-chap-28', 28, 4, '2019-12-01'),
('The-promised-neverland-chap-29', 29, 4, '2019-12-01'),
('The-promised-neverland-chap-3', 3, 4, '2019-12-01'),
('The-promised-neverland-chap-30', 30, 4, '2019-12-01'),
('The-promised-neverland-chap-31', 31, 4, '2019-12-01'),
('The-promised-neverland-chap-32', 32, 4, '2019-12-01'),
('The-promised-neverland-chap-33', 33, 4, '2019-12-01'),
('The-promised-neverland-chap-34', 34, 4, '2019-12-01'),
('The-promised-neverland-chap-35', 35, 4, '2019-12-01'),
('The-promised-neverland-chap-36', 36, 4, '2019-12-01'),
('The-promised-neverland-chap-37', 37, 4, '2019-12-01'),
('The-promised-neverland-chap-38', 38, 4, '2019-12-01'),
('The-promised-neverland-chap-39', 39, 4, '2019-12-01'),
('The-promised-neverland-chap-4', 4, 4, '2019-12-01'),
('The-promised-neverland-chap-40', 40, 4, '2019-12-01'),
('The-promised-neverland-chap-41', 41, 4, '2019-12-01'),
('The-promised-neverland-chap-42', 42, 4, '2019-12-01'),
('The-promised-neverland-chap-43', 43, 4, '2019-12-01'),
('The-promised-neverland-chap-44', 44, 4, '2019-12-01'),
('The-promised-neverland-chap-45', 45, 4, '2019-12-01'),
('The-promised-neverland-chap-46', 46, 4, '2019-12-01'),
('The-promised-neverland-chap-47', 47, 4, '2019-12-01'),
('The-promised-neverland-chap-48', 48, 4, '2019-12-01'),
('The-promised-neverland-chap-49', 49, 4, '2019-12-01'),
('The-promised-neverland-chap-5', 5, 4, '2019-12-01'),
('The-promised-neverland-chap-50', 50, 4, '2019-12-01'),
('The-promised-neverland-chap-51', 51, 4, '2019-12-01'),
('The-promised-neverland-chap-52', 52, 4, '2019-12-01'),
('The-promised-neverland-chap-53', 53, 4, '2019-12-01'),
('The-promised-neverland-chap-54', 54, 4, '2019-12-01'),
('The-promised-neverland-chap-55', 55, 4, '2019-12-01'),
('The-promised-neverland-chap-56', 56, 4, '2019-12-01'),
('The-promised-neverland-chap-57', 57, 4, '2019-12-01'),
('The-promised-neverland-chap-58', 58, 4, '2019-12-01'),
('The-promised-neverland-chap-59', 59, 4, '2019-12-01'),
('The-promised-neverland-chap-6', 6, 4, '2019-12-01'),
('The-promised-neverland-chap-60', 60, 4, '2019-12-01'),
('The-promised-neverland-chap-61', 61, 4, '2019-12-01'),
('The-promised-neverland-chap-62', 62, 4, '2019-12-01'),
('The-promised-neverland-chap-63', 63, 4, '2019-12-01'),
('The-promised-neverland-chap-64', 64, 4, '2019-12-01'),
('The-promised-neverland-chap-65', 65, 4, '2019-12-01'),
('The-promised-neverland-chap-66', 66, 4, '2019-12-01'),
('The-promised-neverland-chap-67', 67, 4, '2019-12-01'),
('The-promised-neverland-chap-68', 68, 4, '2019-12-01'),
('The-promised-neverland-chap-69', 69, 4, '2019-12-01'),
('The-promised-neverland-chap-7', 7, 4, '2019-12-01'),
('The-promised-neverland-chap-70', 70, 4, '2019-12-01'),
('The-promised-neverland-chap-71', 71, 4, '2019-12-01'),
('The-promised-neverland-chap-72', 72, 4, '2019-12-01'),
('The-promised-neverland-chap-73', 73, 4, '2019-12-01'),
('The-promised-neverland-chap-74', 74, 4, '2019-12-01'),
('The-promised-neverland-chap-75', 75, 4, '2019-12-01'),
('The-promised-neverland-chap-76', 76, 4, '2019-12-01'),
('The-promised-neverland-chap-77', 77, 4, '2019-12-01'),
('The-promised-neverland-chap-78', 78, 4, '2019-12-01'),
('The-promised-neverland-chap-79', 79, 4, '2019-12-01'),
('The-promised-neverland-chap-8', 8, 4, '2019-12-01'),
('The-promised-neverland-chap-80', 80, 4, '2019-12-01'),
('The-promised-neverland-chap-81', 81, 4, '2019-12-01'),
('The-promised-neverland-chap-82', 82, 4, '2019-12-01'),
('The-promised-neverland-chap-83', 83, 4, '2019-12-01'),
('The-promised-neverland-chap-84', 84, 4, '2019-12-01'),
('The-promised-neverland-chap-85', 85, 4, '2019-12-01'),
('The-promised-neverland-chap-86', 86, 4, '2019-12-01'),
('The-promised-neverland-chap-87', 87, 4, '2019-12-01'),
('The-promised-neverland-chap-88', 88, 4, '2019-12-01'),
('The-promised-neverland-chap-89', 89, 4, '2019-12-01'),
('The-promised-neverland-chap-9', 9, 4, '2019-12-01'),
('The-promised-neverland-chap-90', 90, 4, '2019-12-01'),
('The-promised-neverland-chap-91', 91, 4, '2019-12-01'),
('The-promised-neverland-chap-92', 92, 4, '2019-12-01'),
('The-promised-neverland-chap-93', 93, 4, '2019-12-01'),
('The-promised-neverland-chap-94', 94, 4, '2019-12-01'),
('The-promised-neverland-chap-95', 95, 4, '2019-12-01'),
('The-promised-neverland-chap-96', 96, 4, '2019-12-01'),
('The-promised-neverland-chap-97', 97, 4, '2019-12-01'),
('The-promised-neverland-chap-98', 98, 4, '2019-12-01'),
('The-promised-neverland-chap-99', 99, 4, '2019-12-01');

-- --------------------------------------------------------

--
-- Table structure for table `groupmanga`
--

DROP TABLE IF EXISTS `groupmanga`;
CREATE TABLE IF NOT EXISTS `groupmanga` (
  `ma_loaitr` int(20) NOT NULL AUTO_INCREMENT,
  `loaitr` varchar(50) NOT NULL,
  PRIMARY KEY (`ma_loaitr`)
) ENGINE=InnoDB AUTO_INCREMENT=9 DEFAULT CHARSET=utf8;

--
-- Dumping data for table `groupmanga`
--

INSERT INTO `groupmanga` (`ma_loaitr`, `loaitr`) VALUES
(1, 'Vin Tng'),
(2, 'Kinh D'),
(3, 'Siu Nhin'),
(4, 'Hi Hc'),
(5, 'Chuyn Sinh'),
(6, 'Hnh ng'),
(7, 'Ngn Tnh'),
(8, 'Tm L');

-- --------------------------------------------------------

--
-- Table structure for table `groupuser`
--

DROP TABLE IF EXISTS `groupuser`;
CREATE TABLE IF NOT EXISTS `groupuser` (
  `group_id` int(5) NOT NULL AUTO_INCREMENT,
  `group_name` varchar(256) NOT NULL,
  PRIMARY KEY (`group_id`)
) ENGINE=InnoDB AUTO_INCREMENT=4 DEFAULT CHARSET=utf8;

--
-- Dumping data for table `groupuser`
--

INSERT INTO `groupuser` (`group_id`, `group_name`) VALUES
(1, 'admin'),
(2, 'thnh vin'),
(3, 'ngi qun tr');

-- --------------------------------------------------------

--
-- Table structure for table `manga`
--

DROP TABLE IF EXISTS `manga`;
CREATE TABLE IF NOT EXISTS `manga` (
  `mangaid` int(20) NOT NULL AUTO_INCREMENT,
  `manganame` varchar(100) NOT NULL,
  `trans` varchar(50) NOT NULL,
  `newchap` varchar(50) NOT NULL,
  `updated` datetime NOT NULL DEFAULT CURRENT_TIMESTAMP,
  `other_name` varchar(250) NOT NULL,
  `description` varchar(1000) NOT NULL,
  `viewer` int(50) NOT NULL,
  `actor` varchar(100) NOT NULL,
  `conditions` varchar(50) NOT NULL,
  `manga_cover` varchar(100) NOT NULL,
  `ma_loaitr` int(20) NOT NULL,
  PRIMARY KEY (`mangaid`),
  KEY `loaitr` (`ma_loaitr`)
) ENGINE=InnoDB AUTO_INCREMENT=15 DEFAULT CHARSET=utf8;

--
-- Dumping data for table `manga`
--

INSERT INTO `manga` (`mangaid`, `manganame`, `trans`, `newchap`, `updated`, `other_name`, `description`, `viewer`, `actor`, `conditions`, `manga_cover`, `ma_loaitr`) VALUES
(1, 'Naruto', 'truyenqq', '700.9', '2019-11-06 00:00:00', '', 'Bi cnh Naruto xy ra vo mi hai nm trc khi cu chuyn chnh thc bt u, mt con h ly chn ui  tn cng Konohagakure. N l mt con qui vt c sc mnh khng khip, ch mt ci vy t mt trong chn ci ui ca n c th to ra nhng cn sng thn v san bng nhiu ngn ni. N gy ra s hn lon v git cht rt nhiu ngi cho n khi ngi ng u lng L  Hokage  t   nh bi n bng cch i ly mng sng ca mnh  phong n n vo trong ngi mt a tr mi sinh. a tr  tn l Uzumaki Naruto. B truyn k v cuc hnh trnh y gian kh vi v vn kh khn, th thch ca Naruto t khi cn l mt cu b ti khi tr thnh mt trong nhng nhn gi v i nht. Khng ch m t v mt th gii nhn gi huyn b, Naruto cn mang trong n nhiu  ngha nhn sinh su sc v tnh bn, tnh ng i, tnh yu, c m v hi vng.', 0, 'Kishimoto Masashi', 'Hon Thnh', 'naruto.jpg', 6),
(2, 'Kimetsu No Yaiba', '', '182', '2019-11-12 00:00:00', 'Thanh Gm Dit Qu', 'Tanjirou l con c ca gia nh va mt cha. Mt ngy n, Tanjirou n thm th trn khc  bn than, khi m v cu  ngh ti nh ngi khc thay v v nh v li n thi v c qu lun rnh m gn ni vo bui ti. Khi cu v nh vo ngy hm sau, b kch ang i ch cu', 0, 'Koyoharu Gotge', 'ang tin hnh', 'kimetsu-no-yaiba.jpg', 6),
(3, 'Nanatsu No Taizai', 'truyenqq', '0', '2019-11-04 00:00:00', 'Tht hnh i ti Suzuki Nakaba', 'Tht i c nhn, mt nhm chin binh c tham vng lt  vng quc Britannia, c cho l  b tiu dit bi cc hip s thnh chin mc d vn cn 1 s ngi cho rng h vn cn sng. 10 nm sau, Cc hip s thnh chin  lm 1 cuc o chnh v khng ch c vua, h tr thnh ngi cai tr c ti mi ca vng quc. Elizabeth, con gi duy nht ca nh vua,  ln ng tm tht i c nhn  nh h ti chim li vng quc. Cng cha c thnh cng trong vic tm kim tht i c nhn, cc hip s thnh chin s lm g  ngn chn c? xem cc chap truyn sau s r.', 0, 'Suzuki Nakaba', 'ang tin hnh', 'nanatsu-no-taizai.jpg', 1),
(4, 'The Promised Neverland', 'truyenqq', '158', '2019-11-13 00:00:00', 'Yakusoku No Neverland', 'Emma v nhng ngi bn sng mt cuc sng bnh yn ti tri tr m ci ni h ln ln. D quy nh ti y kh nghim ngt nhng ngi m chm sc h thc s tt bng. Nhng ti sao nhng a tr lib cm ri khi ni ny...?', 0, 'Kaiu Shirai, Posuka Demizu', 'ang tin hnh', 'the-promised-neverland.jpg', 8),
(5, 'Black Clover', 'truyenqq', '228', '2019-11-06 00:00:00', 'Php S Khng Php Thut ; Black Five Leaf Grass', 'Aster v Yuno l hai a tr b b ri  nh th v cng nhau ln ln ti . Khi cn nh, chng  ha vi nhau xem ai s tr thnh Ma php vng tip theo. Th nhng, khi c hai ln ln, mi s chuyn  thay i. Yuno l thin ti ma php vi sc mnh tuyt nh trong khi Aster li khng th s dng ma php v c gng b p bng th lc. Khi c hai c nhn sch php vo tui 15, Yuno  c ban cun sch php c bn b (trong khi a s l c ba l) m Aster li khng c cun no. Tuy nhin, khi Yuno b e da, s tht v sc mnh ca Aster  c gii m- cu ta c ban cun sch php c nm l, cun sch ph ma thut mu en. By gi, hai ngi bn tr ang hng ra th gii, cng chung mc tiu.', 0, 'Tabata Yuuki', 'ang tin hnh', 'black-clover.jpg', 1),
(6, 'Karada Sagashi', 'comicvn', '133', '2019-11-17 00:00:00', 'Tr Chi Tm Xc', 'Chuyn khng k lc na m v ngi ph n mc  . \"Ny, Asuka ... hy tm c th gip ta\". Ti trng hc, vo na m, Asuka v bn c y phi tm kim nhng phn c th  b ct ca con ma. Nu h khng tm thy, ngy 9/11 s c lp li v ngi mang   s n git h. Ai l ngi mang  ? V v sao li yu cu h tm kim b phn c th ca mnh.', 0, 'ang cp nht', 'ang tin hnh', 'karada-sagashi.jpg', 2),
(7, 'Boku No Hero Academia', 'truyenqq', '249', '2019-11-13 00:00:00', 'My Hero Academia ; Hc Vin Anh Hng ; Trng Hc Siu Anh Hng', 'Vo tng lai, lc m con ngi vi nhng sc mnh siu nhin l iu thng thy quanh th gii. y l cu chuyn v Izuku Midoriya, t mt k bt ti tr thnh mt siu anh hng. Tt c ta cn l m c.', 0, 'Horikoshi Kohei', 'ang tin hnh', 'boku-no-hero-academia.jpg', 1),
(8, 'Naruto Gaiden: Hokage  Tht', '', '10', '2019-10-01 00:00:00', '', 'Mt mini-series ca Masashi Kishimoto vit v Boruto Uzumaki(con trai ca Naruto Uzumaki Hokage ca Lng L', 1, 'Kishimoto Masashi', 'Hon thnh', 'naruto-gaiden-hokage-de-that.jpg', 4),
(9, 'Fairy Tail', 'truyenqq', '545', '2019-07-09 00:00:00', '', 'Xin n cho cc bn n vi Fairy Tail  mt th gii trn y php thut, nhng php s c th h ma, gi gi, nhng con mo bit bay v nhng qui vt trong truyn thuyt. Ti vng t Fiore, bn s gp c t chc Fairy Tail, mt t chc php s c nhng thnh vin vui tnh, th v v mnh m nht. Cu chuyn bt u khi c gi tr Lucy, ngi c kh nng ku gi cc tinh linh v c m c gia nhp mt t chc ph thy gp c ha php s Natsu ang trn ng tm kim cha nui ca mnh ti th trn cng Harujion Trong Fairy Tail, bn s gp g cp ch mo Natsu khc ra la v xi la cng Gray bng gi, Lucy, Erza ti gii v sexy, theo km l nhng ch mo ng nghnh cng rt nhiu cc php s vi  loi php thut k l.', 1, 'Hiro Mashima', 'Hon thnh', 'fairy-tail.jpg', 1),
(10, 'Tate No Yuusha No Nariagari', 'truyenqq', '0', '2019-11-21 00:00:00', 'The Rising Of The Shield Hero ; S Tri Dy Ca Khin Hip S', 'L cu chuyn v mt nam thanh nin otaku b triu hi vo mt Th gii game nhp vai...', 0, 'Aneko Yusagi, Aiya Kyu', 'ang Tin Hnh', 'tate-no-yuusha-no-nariagari.jpg', 1),
(11, 'Fairy Tail 100 Year Quest', 'truyenqq', '0', '2019-12-01 00:00:00', 'Hi Php S Nhim V Trm Nm ; Fairy Tail 100 Years Quest', 'Tuyn tip ni chap 545 ca Fairy Tail, khi nhm Natsu i lm nhim v trm nm.', 0, 'Atsuo Ueda', 'ang Tin Hnh', 'fairy-tail-100-year-quest.jpg', 1),
(12, 'Ti C Th Nhn Thy Chng', '', '0', '2019-12-01 00:00:00', 'Girl That Can See It', 'Mt c n sinh trung hc vs. Nhng bng ma lang thang. Nu l n i th s c thi, phi khng nh ? Phim kinh d thng nh vy lm m!', 0, 'ang Cp Nht', 'ang Tin Hnh', 'toi-co-the-nhin-thay-chun.jpg', 2),
(13, 'Sword Art Online - Hollow Realization', '', '0', '2019-12-01 00:00:00', '', 'Mt s chuyn th manga ca tr chi ph bin, Hollow Realization din ra trong tr chi VRMMORPG Sword Art: Origin v thy Kirito v bn b i ngang qua vng t Ainground, mt cng trnh xy dng li ca Aincrad, khi h gp mt c gi b n ca NPC tn l Premiere, c m ho vo tr chi. Vince  bo v c, h tm kim  khm ph s tht v m s ca c trong khi vn tranh u vi nhng ngi chi mun xo i s tn ti ca c t tr chi.', 0, 'Kawahara Reki', 'ang Tin Hnh', 'sword-art-online-hollow-realization.jpg', 1),
(14, 'Death Note', 'truyenqq', '0', '2019-12-01 00:00:00', 'Quyn S Thin Mnh', 'Light Yagami l mt thiu nin thin ti vi kh nng quan st v suy lun tuyt vi - v cu cm thy cuc sng ca mnh nhm chn. Nhng mi vic hon ton thay i khi cu tm thy quyn s Thn Cht DeathNote, mt quyn s do mt thn cht c tnh nh ri. Bt c ngi no b ghi tn vo trong quyn s s phi cht, v Light quyt nh s dng quyn s  tiu dit ci c trn th gii ...', 0, 'Takeshi Obata', 'ang Tin Hnh', 'death-note.jpg', 8);

-- --------------------------------------------------------

--
-- Table structure for table `uploaded`
--

DROP TABLE IF EXISTS `uploaded`;
CREATE TABLE IF NOT EXISTS `uploaded` (
  `upload_id` int(100) NOT NULL AUTO_INCREMENT,
  `manga_name` varchar(100) NOT NULL,
  `upload_name` varchar(100) NOT NULL,
  `chapter_id` varchar(100) NOT NULL,
  PRIMARY KEY (`upload_id`),
  KEY `noidungchap` (`chapter_id`)
) ENGINE=InnoDB AUTO_INCREMENT=165 DEFAULT CHARSET=utf8;

--
-- Dumping data for table `uploaded`
--

INSERT INTO `uploaded` (`upload_id`, `manga_name`, `upload_name`, `chapter_id`) VALUES
(1, 'manga\\naruto-gaiden\\chap 1\\', '0.jpg', 'Naruto-gaiden-chap-1'),
(2, 'manga\\naruto-gaiden\\chap 1\\', '1.jpg', 'Naruto-gaiden-chap-1'),
(3, 'manga\\naruto-gaiden\\chap 1\\', '2.jpg', 'Naruto-gaiden-chap-1'),
(4, 'manga\\naruto-gaiden\\chap 1\\', '3.jpg', 'Naruto-gaiden-chap-1'),
(5, 'manga\\naruto-gaiden\\chap 1\\', '4.jpg', 'Naruto-gaiden-chap-1'),
(6, 'manga\\naruto-gaiden\\chap 1\\', '5.jpg', 'Naruto-gaiden-chap-1'),
(7, 'manga\\naruto\\chap 1\\', '6.jpg', 'Naruto-gaiden-chap-1'),
(8, 'manga\\naruto-gaiden\\chap 1\\', '7.jpg', 'Naruto-gaiden-chap-1'),
(9, 'manga\\naruto-gaiden\\chap 1\\', '8.jpg', 'Naruto-gaiden-chap-1'),
(10, 'manga\\naruto-gaiden\\chap 1\\', '9.jpg', 'Naruto-gaiden-chap-1'),
(11, 'manga\\naruto-gaiden\\chap 1\\', '10.jpg', 'Naruto-gaiden-chap-1'),
(12, 'manga\\naruto-gaiden\\chap 1\\', '11.jpg', 'Naruto-gaiden-chap-1'),
(13, 'manga\\naruto-gaiden\\chap 1\\', '12.jpg', 'Naruto-gaiden-chap-1'),
(14, 'manga\\naruto-gaiden\\chap 1\\', '13.jpg', 'Naruto-gaiden-chap-1'),
(15, 'manga\\naruto-gaiden\\chap 1\\', '14.jpg', 'Naruto-gaiden-chap-1'),
(16, 'manga\\naruto-gaiden\\chap 1\\', '15.jpg', 'Naruto-gaiden-chap-1'),
(17, 'manga\\naruto-gaiden\\chap 1\\', '16.jpg', 'Naruto-gaiden-chap-1'),
(18, 'manga\\naruto-gaiden\\chap 1\\', '17.jpg', 'Naruto-gaiden-chap-1'),
(19, 'manga\\naruto-gaiden\\chap 1\\', '18.jpg', 'Naruto-gaiden-chap-1'),
(20, 'manga\\naruto-gaiden\\chap 1\\', '19.jpg', 'Naruto-gaiden-chap-1'),
(21, 'manga\\naruto-gaiden\\chap 1\\', '20.jpg', 'Naruto-gaiden-chap-1'),
(22, 'manga\\naruto-gaiden\\chap 1\\', '21.jpg', 'Naruto-gaiden-chap-1'),
(23, 'manga\\naruto-gaiden\\chap 1\\', '22.jpg', 'Naruto-gaiden-chap-1'),
(24, 'manga\\naruto-gaiden\\chap 1\\', '23.jpg', 'Naruto-gaiden-chap-1'),
(25, '', 'http://qqtaku.net/2624/1/0.jpg?783=g78272', 'kimetsu-no-yaiba-chap-1'),
(26, '', 'http://qqtaku.net/2624/1/1.jpg?783=g78272', 'kimetsu-no-yaiba-chap-1'),
(27, '', 'http://qqtaku.net/2624/1/3.jpg?783=g78272', 'kimetsu-no-yaiba-chap-1'),
(28, '', 'http://qqtaku.net/2624/1/4.jpg?783=g78272', 'kimetsu-no-yaiba-chap-1'),
(29, '', 'http://qqtaku.net/2624/1/5.jpg?783=g78272', 'kimetsu-no-yaiba-chap-1'),
(30, '', 'http://qqtaku.net/2624/1/6.jpg?783=g78272', 'kimetsu-no-yaiba-chap-1'),
(31, '', 'http://qqtaku.net/2624/1/7.jpg?783=g78272', 'kimetsu-no-yaiba-chap-1'),
(32, '', 'http://qqtaku.net/2624/1/8.jpg?783=g78272', 'kimetsu-no-yaiba-chap-1'),
(33, '', 'http://qqtaku.net/2624/1/9.jpg?783=g78272', 'kimetsu-no-yaiba-chap-1'),
(34, '', 'http://qqtaku.net/2624/1/10.jpg?783=g78272', 'kimetsu-no-yaiba-chap-1'),
(35, '', 'http://qqtaku.net/2624/1/11.jpg?783=g78272', 'kimetsu-no-yaiba-chap-1'),
(36, '', 'http://qqtaku.net/2624/1/12.jpg?783=g78272', 'kimetsu-no-yaiba-chap-1'),
(37, '', 'http://qqtaku.net/2624/1/13.jpg?783=g78272', 'kimetsu-no-yaiba-chap-1'),
(38, '', 'http://qqtaku.net/2624/1/14.jpg?783=g78272', 'kimetsu-no-yaiba-chap-1'),
(39, '', 'http://qqtaku.net/2624/1/15.jpg?783=g78272', 'kimetsu-no-yaiba-chap-1'),
(40, '', 'http://qqtaku.net/2624/1/16.jpg?783=g78272', 'kimetsu-no-yaiba-chap-1'),
(41, '', 'http://qqtaku.net/2624/1/17.jpg?783=g78272', 'kimetsu-no-yaiba-chap-1'),
(42, '', 'http://qqtaku.net/2624/1/18.jpg?783=g78272', 'kimetsu-no-yaiba-chap-1'),
(43, '', 'http://qqtaku.net/2624/1/19.jpg?783=g78272', 'kimetsu-no-yaiba-chap-1'),
(44, '', 'http://qqtaku.net/2624/1/20.jpg?783=g78272', 'kimetsu-no-yaiba-chap-1'),
(45, '', 'http://qqtaku.net/2624/1/21.jpg?783=g78272', 'kimetsu-no-yaiba-chap-1'),
(46, '', 'http://qqtaku.net/2624/1/22.jpg?783=g78272', 'kimetsu-no-yaiba-chap-1'),
(47, '', 'http://qqtaku.net/2624/1/23.jpg?783=g78272', 'kimetsu-no-yaiba-chap-1'),
(48, '', 'http://qqtaku.net/2624/1/24.jpg?783=g78272', 'kimetsu-no-yaiba-chap-1'),
(49, '', 'http://qqtaku.net/2624/1/25.jpg?783=g78272', 'kimetsu-no-yaiba-chap-1'),
(50, '', 'http://qqtaku.net/2624/1/26.jpg?783=g78272', 'kimetsu-no-yaiba-chap-1'),
(51, '', 'http://qqtaku.net/2624/1/27.jpg?783=g78272', 'kimetsu-no-yaiba-chap-1'),
(52, '', 'http://qqtaku.net/2624/1/28.jpg?783=g78272', 'kimetsu-no-yaiba-chap-1'),
(53, '', 'http://qqtaku.net/2624/1/29.jpg?783=g78272', 'kimetsu-no-yaiba-chap-1'),
(54, '', 'http://qqtaku.net/2624/1/30.jpg?783=g78272', 'kimetsu-no-yaiba-chap-1'),
(55, '', 'http://qqtaku.net/2624/1/31.jpg?783=g78272', 'kimetsu-no-yaiba-chap-1'),
(56, '', 'http://qqtaku.net/2624/1/32.jpg?783=g78272', 'kimetsu-no-yaiba-chap-1'),
(57, '', 'http://qqtaku.net/2624/1/33.jpg?783=g78272', 'kimetsu-no-yaiba-chap-1'),
(58, '', 'http://qqtaku.net/2624/1/34.jpg?783=g78272', 'kimetsu-no-yaiba-chap-1'),
(59, '', 'http://qqtaku.net/2624/1/35.jpg?783=g78272', 'kimetsu-no-yaiba-chap-1'),
(60, '', 'http://qqtaku.net/2624/1/36.jpg?783=g78272', 'kimetsu-no-yaiba-chap-1'),
(61, '', 'http://qqtaku.net/2624/1/37.jpg?783=g78272', 'kimetsu-no-yaiba-chap-1'),
(62, '', 'http://qqtaku.net/2624/1/38.jpg?783=g78272', 'kimetsu-no-yaiba-chap-1'),
(63, '', 'http://qqtaku.net/2624/1/39.jpg?783=g78272', 'kimetsu-no-yaiba-chap-1'),
(64, '', 'http://qqtaku.net/2624/1/40.jpg?783=g78272', 'kimetsu-no-yaiba-chap-1'),
(65, '', 'http://qqtaku.net/2624/1/41.jpg?783=g78272', 'kimetsu-no-yaiba-chap-1'),
(66, '', 'http://qqtaku.net/2624/1/42.jpg?783=g78272', 'kimetsu-no-yaiba-chap-1'),
(67, '', 'http://qqtaku.net/2624/1/43.jpg?783=g78272', 'kimetsu-no-yaiba-chap-1'),
(68, '', 'http://qqtaku.net/2624/1/44.jpg?783=g78272', 'kimetsu-no-yaiba-chap-1'),
(69, '', 'http://qqtaku.net/2624/1/45.jpg?783=g78272', 'kimetsu-no-yaiba-chap-1'),
(70, '', 'http://qqtaku.net/2624/1/46.jpg?783=g78272', 'kimetsu-no-yaiba-chap-1'),
(71, '', 'http://qqtaku.net/2624/1/47.jpg?783=g78272', 'kimetsu-no-yaiba-chap-1'),
(72, '', 'http://qqtaku.net/2624/1/48.jpg?783=g78272', 'kimetsu-no-yaiba-chap-1'),
(73, '', 'http://qqtaku.net/2624/1/49.jpg?783=g78272', 'kimetsu-no-yaiba-chap-1'),
(74, '', 'http://qqtaku.net/2624/1/50.jpg?783=g78272', 'kimetsu-no-yaiba-chap-1'),
(75, '', 'http://qqtaku.net/2624/1/51.jpg?783=g78272', 'kimetsu-no-yaiba-chap-1'),
(76, '', 'http://qqtaku.net/2624/1/52.jpg?783=g78272', 'kimetsu-no-yaiba-chap-1'),
(77, '', 'http://qqtaku.net/2624/1/53.jpg?783=g78272', 'kimetsu-no-yaiba-chap-1'),
(78, '', 'http://qqtaku.net/2624/1/21.jpg?783=g78272', 'kimetsu-no-yaiba-chap-1'),
(79, '', 'http://qqtaku.net/2624/1/22.jpg?783=g78272', 'kimetsu-no-yaiba-chap-1'),
(80, '', 'http://qqtaku.net/2624/1/23.jpg?783=g78272', 'kimetsu-no-yaiba-chap-1'),
(81, '', 'http://qqtaku.net/2624/1/24.jpg?783=g78272', 'kimetsu-no-yaiba-chap-1'),
(82, '', 'http://qqtaku.net/2624/1/25.jpg?783=g78272', 'kimetsu-no-yaiba-chap-1'),
(83, '', 'http://qqtaku.net/2624/1/26.jpg?783=g78272', 'kimetsu-no-yaiba-chap-1'),
(84, '', 'http://qqtaku.net/2624/1/27.jpg?783=g78272', 'kimetsu-no-yaiba-chap-1'),
(85, '', 'http://qqtaku.net/2624/1/28.jpg?783=g78272', 'kimetsu-no-yaiba-chap-1'),
(86, '', 'http://qqtaku.net/2624/1/29.jpg?783=g78272', 'kimetsu-no-yaiba-chap-1'),
(87, '', 'http://qqtaku.net/2624/1/30.jpg?783=g78272', 'kimetsu-no-yaiba-chap-1'),
(88, '', 'http://qqtaku.net/2624/1/31.jpg?783=g78272', 'kimetsu-no-yaiba-chap-1'),
(89, '', 'http://qqtaku.net/2624/1/32.jpg?783=g78272', 'kimetsu-no-yaiba-chap-1'),
(90, '', 'http://qqtaku.net/2624/1/33.jpg?783=g78272', 'kimetsu-no-yaiba-chap-1'),
(91, '', 'http://qqtaku.net/2624/1/34.jpg?783=g78272', 'kimetsu-no-yaiba-chap-1'),
(92, '', 'http://qqtaku.net/2624/1/35.jpg?783=g78272', 'kimetsu-no-yaiba-chap-1'),
(93, '', 'http://qqtaku.net/2624/1/36.jpg?783=g78272', 'kimetsu-no-yaiba-chap-1'),
(94, '', 'http://qqtaku.net/2624/1/37.jpg?783=g78272', 'kimetsu-no-yaiba-chap-1'),
(95, '', 'http://qqtaku.net/2624/1/38.jpg?783=g78272', 'kimetsu-no-yaiba-chap-1'),
(96, '', 'http://qqtaku.net/2624/1/39.jpg?783=g78272', 'kimetsu-no-yaiba-chap-1'),
(97, '', 'http://qqtaku.net/2624/1/40.jpg?783=g78272', 'kimetsu-no-yaiba-chap-1'),
(98, '', 'http://qqtaku.net/2624/1/41.jpg?783=g78272', 'kimetsu-no-yaiba-chap-1'),
(99, '', 'http://qqtaku.net/2624/1/42.jpg?783=g78272', 'kimetsu-no-yaiba-chap-1'),
(100, '', 'http://qqtaku.net/2624/1/43.jpg?783=g78272', 'kimetsu-no-yaiba-chap-1'),
(101, '', 'http://qqtaku.net/2624/1/44.jpg?783=g78272', 'kimetsu-no-yaiba-chap-1'),
(102, '', 'http://qqtaku.net/2624/1/45.jpg?783=g78272', 'kimetsu-no-yaiba-chap-1'),
(103, '', 'http://qqtaku.net/2624/1/46.jpg?783=g78272', 'kimetsu-no-yaiba-chap-1'),
(104, '', 'http://qqtaku.net/2624/1/47.jpg?783=g78272', 'kimetsu-no-yaiba-chap-1'),
(105, '', 'http://qqtaku.net/2624/1/48.jpg?783=g78272', 'kimetsu-no-yaiba-chap-1'),
(106, '', 'http://qqtaku.net/2624/1/49.jpg?783=g78272', 'kimetsu-no-yaiba-chap-1'),
(107, '', 'http://qqtaku.net/2624/1/50.jpg?783=g78272', 'kimetsu-no-yaiba-chap-1'),
(108, '', 'http://qqtaku.net/2624/1/51.jpg?783=g78272', 'kimetsu-no-yaiba-chap-1'),
(109, '', 'http://qqtaku.net/2624/1/52.jpg?783=g78272', 'kimetsu-no-yaiba-chap-1'),
(110, '', 'http://qqtaku.net/2624/1/53.jpg?783=g78272', 'kimetsu-no-yaiba-chap-1'),
(111, '', 'http://qqtaku.net/2624/2/0.jpg?783=g78272', 'kimetsu-no-yaiba-chap-2'),
(112, '', 'http://qqtaku.net/2624/2/1.jpg?783=g78272', 'kimetsu-no-yaiba-chap-2'),
(113, '', 'http://qqtaku.net/2624/2/2.jpg?783=g78272', 'kimetsu-no-yaiba-chap-2'),
(114, '', 'http://qqtaku.net/2624/2/3.jpg?783=g78272', 'kimetsu-no-yaiba-chap-2'),
(115, '', 'http://qqtaku.net/2624/2/4.jpg?783=g78272', 'kimetsu-no-yaiba-chap-2'),
(116, '', 'http://qqtaku.net/2624/2/5.jpg?783=g78272', 'kimetsu-no-yaiba-chap-2'),
(117, '', 'http://qqtaku.net/2624/2/6.jpg?783=g78272', 'kimetsu-no-yaiba-chap-2'),
(118, '', 'http://qqtaku.net/2624/2/7.jpg?783=g78272', 'kimetsu-no-yaiba-chap-2'),
(119, '', 'http://qqtaku.net/2624/2/8.jpg?783=g78272', 'kimetsu-no-yaiba-chap-2'),
(120, '', 'http://qqtaku.net/2624/2/9.jpg?783=g78272', 'kimetsu-no-yaiba-chap-2'),
(121, '', 'http://qqtaku.net/2624/2/10.jpg?783=g78272', 'kimetsu-no-yaiba-chap-2'),
(122, '', 'http://qqtaku.net/2624/2/11.jpg?783=g78272', 'kimetsu-no-yaiba-chap-2'),
(123, '', 'http://qqtaku.net/2624/2/12.jpg?783=g78272', 'kimetsu-no-yaiba-chap-2'),
(124, '', 'http://qqtaku.net/2624/2/13.jpg?783=g78272', 'kimetsu-no-yaiba-chap-2'),
(125, '', 'http://qqtaku.net/2624/2/14.jpg?783=g78272', 'kimetsu-no-yaiba-chap-2'),
(126, '', 'http://qqtaku.net/2624/2/15.jpg?783=g78272', 'kimetsu-no-yaiba-chap-2'),
(127, '', 'http://qqtaku.net/2624/2/16.jpg?783=g78272', 'kimetsu-no-yaiba-chap-2'),
(128, '', 'http://qqtaku.net/2624/2/17.jpg?783=g78272', 'kimetsu-no-yaiba-chap-2'),
(129, '', 'http://qqtaku.net/2624/2/18.jpg?783=g78272', 'kimetsu-no-yaiba-chap-2'),
(130, '', 'http://qqtaku.net/2624/2/19.jpg?783=g78272', 'kimetsu-no-yaiba-chap-2'),
(131, '', 'http://qqtaku.net/2624/2/20.jpg?783=g78272', 'kimetsu-no-yaiba-chap-2'),
(132, '', 'http://qqtaku.net/2624/2/21.jpg?783=g78272', 'kimetsu-no-yaiba-chap-2'),
(133, '', 'http://qqtaku.net/2624/2/22.jpg?783=g78272', 'kimetsu-no-yaiba-chap-2'),
(134, '', 'http://qqtaku.net/2624/2/23.jpg?783=g78272', 'kimetsu-no-yaiba-chap-2'),
(135, '', 'http://qqtaku.net/2624/2/24.jpg?783=g78272', 'kimetsu-no-yaiba-chap-2'),
(136, '', 'http://qqtaku.net/2624/2/25.jpg?783=g78272', 'kimetsu-no-yaiba-chap-2'),
(137, '', 'http://qqtaku.net/2624/2/26.jpg?783=g78272', 'kimetsu-no-yaiba-chap-2'),
(138, '', 'http://qqtaku.net/2624/2/27.jpg?783=g78272', 'kimetsu-no-yaiba-chap-2'),
(139, '', 'http://qqtaku.net/2624/3/0.jpg?783=g78272', 'kimetsu-no-yaiba-chap-3'),
(140, '', 'http://qqtaku.net/2624/3/1.jpg?783=g78272', 'kimetsu-no-yaiba-chap-3'),
(141, '', 'http://qqtaku.net/2624/3/2.jpg?783=g78272', 'kimetsu-no-yaiba-chap-3'),
(142, '', 'http://qqtaku.net/2624/3/3.jpg?783=g78272', 'kimetsu-no-yaiba-chap-3'),
(143, '', 'http://qqtaku.net/2624/3/4.jpg?783=g78272', 'kimetsu-no-yaiba-chap-3'),
(144, '', 'http://qqtaku.net/2624/3/5.jpg?783=g78272', 'kimetsu-no-yaiba-chap-3'),
(145, '', 'http://qqtaku.net/2624/3/6.jpg?783=g78272', 'kimetsu-no-yaiba-chap-3'),
(146, '', 'http://qqtaku.net/2624/3/7.jpg?783=g78272', 'kimetsu-no-yaiba-chap-3'),
(147, '', 'http://qqtaku.net/2624/3/8.jpg?783=g78272', 'kimetsu-no-yaiba-chap-3'),
(148, '', 'http://qqtaku.net/2624/3/9.jpg?783=g78272', 'kimetsu-no-yaiba-chap-3'),
(149, '', 'http://qqtaku.net/2624/3/10.jpg?783=g78272', 'kimetsu-no-yaiba-chap-3'),
(150, '', 'http://qqtaku.net/2624/3/11.jpg?783=g78272', 'kimetsu-no-yaiba-chap-3'),
(151, '', 'http://qqtaku.net/2624/3/12.jpg?783=g78272', 'kimetsu-no-yaiba-chap-3'),
(152, '', 'http://qqtaku.net/2624/3/13.jpg?783=g78272', 'kimetsu-no-yaiba-chap-3'),
(153, '', 'http://qqtaku.net/2624/3/14.jpg?783=g78272', 'kimetsu-no-yaiba-chap-3'),
(154, '', 'http://qqtaku.net/2624/3/15.jpg?783=g78272', 'kimetsu-no-yaiba-chap-3'),
(155, '', 'http://qqtaku.net/2624/3/16.jpg?783=g78272', 'kimetsu-no-yaiba-chap-3'),
(156, '', 'http://qqtaku.net/2624/3/17.jpg?783=g78272', 'kimetsu-no-yaiba-chap-3'),
(157, '', 'http://qqtaku.net/2624/3/18.jpg?783=g78272', 'kimetsu-no-yaiba-chap-3'),
(158, '', 'http://qqtaku.net/2624/3/19.jpg?783=g78272', 'kimetsu-no-yaiba-chap-3'),
(159, '', 'http://qqtaku.net/2624/3/20.jpg?783=g78272', 'kimetsu-no-yaiba-chap-3'),
(160, '', 'http://qqtaku.net/2624/3/21.jpg?783=g78272', 'kimetsu-no-yaiba-chap-3'),
(161, '', 'http://qqtaku.net/2624/3/22.jpg?783=g78272', 'kimetsu-no-yaiba-chap-3'),
(162, '', 'http://qqtaku.net/2624/3/23.jpg?783=g78272', 'kimetsu-no-yaiba-chap-3'),
(163, '', 'http://qqtaku.net/2624/3/24.jpg?783=g78272', 'kimetsu-no-yaiba-chap-3'),
(164, '', 'http://qqtaku.net/2624/3/25.jpg?783=g78272', 'kimetsu-no-yaiba-chap-3');

-- --------------------------------------------------------

--
-- Table structure for table `user`
--

DROP TABLE IF EXISTS `user`;
CREATE TABLE IF NOT EXISTS `user` (
  `user_ID` int(10) NOT NULL AUTO_INCREMENT,
  `user_email` varchar(250) NOT NULL,
  `user_password` varchar(20) NOT NULL,
  `user_name` varchar(250) NOT NULL,
  `gioitinh` varchar(10) NOT NULL,
  `ngaysinh` date NOT NULL,
  `avatar` varchar(100) NOT NULL,
  `group_id` int(5) NOT NULL DEFAULT '2',
  PRIMARY KEY (`user_ID`),
  KEY `loaitk` (`group_id`)
) ENGINE=InnoDB AUTO_INCREMENT=5 DEFAULT CHARSET=utf8;

--
-- Dumping data for table `user`
--

INSERT INTO `user` (`user_ID`, `user_email`, `user_password`, `user_name`, `gioitinh`, `ngaysinh`, `avatar`, `group_id`) VALUES
(0, 'admin', '1', 'admin n', '', '1998-06-20', 'mon2.jpg', 1),
(1, 'naruto@gmail.com', '123123', 'Naruto Uzumaki', 'Nam', '1999-11-15', 'naruto.jpg', 2),
(2, 'mondorae2006@gmail.com', '123123', 'Phng Thanh', 'nam', '1998-06-20', 'mon2.jpg', 3),
(3, 'thanhbui20698@gmail.com', '123123', 'Thanh Bi', 'nam', '2019-04-17', 'default.jpg', 2),
(4, 'concac@gmail.com', '123456', 'Cac', 'Nam', '2019-01-31', '65382893_1181551202007978_4214044683304697856_n.jpg', 2);

--
-- Constraints for dumped tables
--

--
-- Constraints for table `chapters`
--
ALTER TABLE `chapters`
  ADD CONSTRAINT `so luong chap` FOREIGN KEY (`mangaid`) REFERENCES `manga` (`mangaid`) ON UPDATE CASCADE;

--
-- Constraints for table `manga`
--
ALTER TABLE `manga`
  ADD CONSTRAINT `loaitr` FOREIGN KEY (`ma_loaitr`) REFERENCES `groupmanga` (`ma_loaitr`);

--
-- Constraints for table `uploaded`
--
ALTER TABLE `uploaded`
  ADD CONSTRAINT `noidungchap` FOREIGN KEY (`chapter_id`) REFERENCES `chapters` (`chapter_id`) ON UPDATE CASCADE;

--
-- Constraints for table `user`
--
ALTER TABLE `user`
  ADD CONSTRAINT `loaitk` FOREIGN KEY (`group_id`) REFERENCES `groupuser` (`group_id`) ON UPDATE CASCADE;
COMMIT;

/*!40101 SET CHARACTER_SET_CLIENT=@OLD_CHARACTER_SET_CLIENT */;
/*!40101 SET CHARACTER_SET_RESULTS=@OLD_CHARACTER_SET_RESULTS */;
/*!40101 SET COLLATION_CONNECTION=@OLD_COLLATION_CONNECTION */;
